﻿<?xml version="1.0" encoding="UTF-8" ?>
<!-- PR10-001.xml -->
<?xml-stylesheet type="text/xsl" href="PR10-001.xsls"?>  
<matematicas>
	<alumno>
		<expediente>239</expediente>
		<nombre>Jose</nombre>
		<nota1>8</nota1>
		<nota2>8</nota2>
		<nota3>9</nota3>
		<notafinal>8.33</notafinal>
	</alumno>
	<alumno>
		<expediente>237</expediente>
		<nombre>Antonio</nombre>
		<nota1>7</nota1>
		<nota2>7</nota2>
		<nota3>9</nota3>
		<notafinal>7.7</notafinal>
	</alumno>
	<alumno>
		<expediente>238</expediente>
		<nombre>Cristina</nombre>
		<nota1>8</nota1>
		<nota2>7</nota2>
		<nota3>9</nota3>
		<notafinal>8.0</notafinal>
	</alumno>
</matematicas>


 
