﻿<?xml version="1.0" encoding="UTF-8" ?>
<!-- Ejemplo: PR11-03.xml -->
<?xml-stylesheet type="text/xsl" href="PR11-003.xsl"?>
<almacen>
    <producto> 
        <referencia>27.443.23</referencia>
        <seccion>18</seccion>
        <pasillo>3</pasillo>
        <descripcion>Silla SHYO</descripcion>
    </producto>
   <producto>
        <referencia>191.67.689</referencia>
        <seccion>7</seccion>
        <pasillo>2</pasillo>
        <descripcion>Mesa MHYO</descripcion>
    </producto>
    <producto>
        <referencia>91.67.689</referencia>
        <seccion>7</seccion>
        <pasillo>5</pasillo>
        <descripcion>Taburete THYO</descripcion> 
    </producto>
</almacen>


 