﻿<!--Victor Manuel Alonso Miranda-->
<?xml version="1.0" encoding="UTF-8"?>
<!DOCTYPE mensajes [
  <!ELEMENT mensajes (mensaje)>
  <!ELEMENT de (#PCDATA)>
  <!ELEMENT para (#PCDATA)>
  <!ELEMENT hora (#PCDATA)>
  <!ELEMENT texto (#PCDATA)>
  <!ELEMENT strong (#PCDATA)>
]>
<mensajes>
  <mensaje>
    <de>Pepe (pepe@example.com)</de>
    <para>Juan (juan@example.com)</para>
    <hora>28/02/2011 17:48:23,61</hora>
    <texto>¿Hola, Juan, qué haces?</texto>
  </mensaje>
  <mensaje>
    <de>Juan (juan@example.com)</de>
    <para>Pepe (pepe@example.com)</para>
    <hora>28/02/2011 17:54:20,87</hora>
    <texto>Aquí, aprendiendo <strong>XML</strong></texto>
  </mensaje>
</mensajes>
