﻿<?xml version="1.0" encoding="UTF-8"?>
<?xml-stylesheet type="text/xsl" href="PR12A.xsl"?>
<alumnos>
<alumno dni="76252728T">
<nombre>MANUEL</nombre>
<apellidos>ABRIL TARDIO</apellidos>
<localidad>PUEBLA DE SANCHO PEREZ</localidad>
<edad>16</edad>
</alumno>
<alumno dni="44779987E">
<nombre>ELENA</nombre>
<apellidos>ACEDO MANCHON</apellidos>
<localidad>PUEBLA DE SANCHO PEREZ</localidad>
<edad>15</edad>
</alumno>
<alumno dni="44788074J">
<nombre>JAVIER</nombre>
<apellidos>ACOSTA GONZALEZ</apellidos>
<localidad>ZAFRA</localidad>
<edad>14</edad>
</alumno>
<alumno dni="80052351T">
<nombre>LAURA</nombre>
<apellidos>AGUADO PEREZ</apellidos>
<localidad>ZAFRA</localidad>
<edad>15</edad></alumno>
<alumno dni="8885456G"><nombre>MARIA INMACULADA</nombre><apellidos>AGUILAR LEON</apellidos><localidad>ZAFRA</localidad><edad>16</edad></alumno><alumno dni="44786976L"><nombre>JUAN</nombre><apellidos>AGUILAR MARTINEZ</apellidos><localidad>ZAFRA</localidad><edad>19</edad></alumno><alumno dni="34774646A"><nombre>JUAN IGNACIO</nombre><apellidos>AGUZA NUÑEZ</apellidos><localidad>ZAFRA</localidad><edad>14</edad></alumno><alumno dni="80051570R"><nombre>INMACULADA</nombre><apellidos>ALDEHUELA FLETE</apellidos><localidad>ZAFRA</localidad><edad>15</edad></alumno><alumno dni="80060187Q"><nombre>JUAN</nombre><apellidos>ALVARADO ZAMBRANO</apellidos><localidad>VALENCIA DEL VENTOSO</localidad><edad>15</edad></alumno><alumno dni="08887974S"><nombre>ROSA MARIA</nombre><apellidos>ALVAREZ GONZALEZ</apellidos><localidad>PUEBLA DE SANCHO PEREZ</localidad><edad>15</edad></alumno><alumno dni="80061014S"><nombre>MANUEL ANGEL</nombre><apellidos>ALVAREZ VAZQUEZ</apellidos><localidad>ZAFRA</localidad><edad>14</edad></alumno><alumno dni="80056412J"><nombre>SARA</nombre><apellidos>AMAYA MARTINEZ</apellidos><localidad>FUENTE DE CANTOS</localidad><edad>15</edad></alumno><alumno dni="45556060Y"><nombre>SANDRA</nombre><apellidos>AMO FLORES</apellidos><localidad>LOS SANTOS DE MAIMONA</localidad><edad>20</edad></alumno><alumno dni="08885536S"><nombre>MARIA DEL VALLE</nombre><apellidos>APOLO FERNANDEZ</apellidos><localidad>ZAFRA</localidad><edad>18</edad></alumno><alumno dni="45558407F"><nombre>LAURA</nombre><apellidos>APOLO REYES</apellidos><localidad>ZAFRA</localidad><edad>17</edad></alumno><alumno dni="44775624Y"><nombre>INES</nombre><apellidos>ARAUJO CABEZON</apellidos><localidad>ZAFRA</localidad><edad>15</edad></alumno><alumno dni="08879111F"><nombre>ESTRELLA MARIA</nombre><apellidos>ARDILA GONZALEZ</apellidos><localidad>ZAFRA</localidad><edad>15</edad></alumno><alumno dni="50875299N"><nombre>YOLANDA</nombre><apellidos>AREVALO MEDINA</apellidos><localidad>VALENCIA DEL VENTOSO</localidad><edad>14</edad></alumno><alumno dni="44775319T"><nombre>CARMEN MARIA</nombre><apellidos>AREVALO PACHECO</apellidos><localidad>CALZADILLA DE LOS BARROS</localidad><edad>18</edad></alumno><alumno dni="45558359M"><nombre>FRANCISCO JOSE</nombre><apellidos>AREVALO PACHECO</apellidos><localidad>ZAFRA</localidad><edad>22</edad></alumno><alumno dni="80092988L"><nombre>ALVARO MANUEL</nombre><apellidos>ARIAS ALVAREZ</apellidos><localidad>ZAFRA</localidad><edad>15</edad></alumno><alumno dni="44785793D"><nombre>INMACULADA</nombre><apellidos>ARIAS ESTIRADO</apellidos><localidad>VALENCIA DEL VENTOSO</localidad><edad>15</edad></alumno><alumno dni="8885436F"><nombre>ANGEL</nombre><apellidos>ARIAS MORAN</apellidos><localidad>MEDINA DE LAS TORRES</localidad><edad>15</edad></alumno><alumno dni="80054479N"><nombre>FRANCISCA</nombre><apellidos>ARROYO LOZANO</apellidos><localidad>ZAFRA</localidad><edad>17</edad></alumno><alumno dni="80055478E"><nombre>NIEVES</nombre><apellidos>ARTEAGA MOÑINO</apellidos><localidad>ZAFRA</localidad><edad>15</edad></alumno><alumno dni="80050981X"><nombre>EVA</nombre><apellidos>ASENSIO GUERRERO</apellidos><localidad>ZAFRA</localidad><edad>19</edad></alumno><alumno dni="08887608V"><nombre>MARIA YANET</nombre><apellidos>ASTURIANO ALBENCA</apellidos><localidad>ZAFRA</localidad><edad>17</edad></alumno><alumno dni="34781693N"><nombre>RAUL</nombre><apellidos>BAENA DURAN</apellidos><localidad>ZAFRA</localidad><edad>15</edad></alumno><alumno dni="80052105F"><nombre>ANTONIO</nombre><apellidos>BALTASAR GUERRERO</apellidos><localidad>LOS SANTOS DE MAIMONA</localidad><edad>20</edad></alumno><alumno dni="44784402K"><nombre>ANGEL DIEGO</nombre><apellidos>BARNETO PADILLA</apellidos><localidad>ZAFRA</localidad><edad>16</edad></alumno><alumno dni="44787113H"><nombre>MANUEL JESUS</nombre><apellidos>BARRAGAN DOMINGUEZ</apellidos><localidad>ZAFRA</localidad><edad>18</edad></alumno><alumno dni="08887693X"><nombre>BLAS</nombre><apellidos>BARRENA CARABALLO</apellidos><localidad>FUENTE DE CANTOS</localidad><edad>14</edad></alumno><alumno dni="07253592J"><nombre>JOSE MANUEL</nombre><apellidos>BARRENA SANTANA</apellidos><localidad>ZAFRA</localidad><edad>21</edad></alumno><alumno dni="8887604J"><nombre>MIGUEL ANGEL</nombre><apellidos>BARRIENTOS CARRASCO</apellidos><localidad>ZAFRA</localidad><edad>15</edad></alumno><alumno dni="80086335J"><nombre>BLANCA</nombre><apellidos>BARRIOS SANCHEZ</apellidos><localidad>ZAFRA</localidad><edad>15</edad></alumno><alumno dni="8885558 Z"><nombre>ISABEL</nombre><apellidos>BECERRA CARVAJAL</apellidos><localidad>LA LAPA</localidad><edad>18</edad></alumno><alumno dni="7253787R"><nombre>JUAN IGNACIO</nombre><apellidos>BELLIDO GORDILLO</apellidos><localidad>SANTOS DE MAIMONA(LOS)</localidad><edad>20</edad></alumno><alumno dni="34779448K"><nombre>SAMUEL</nombre><apellidos>BELMEZ MACIAS</apellidos><localidad>ZAFRA</localidad><edad>15</edad></alumno><alumno dni="08887920F"><nombre>JESUS</nombre><apellidos>BENEGAS CORDON</apellidos><localidad>ZAFRA</localidad><edad>15</edad></alumno><alumno dni="44775519Q"><nombre>CRISTINA</nombre><apellidos>BENITEZ GILES</apellidos><localidad>MEDINA DE LAS TORRES</localidad><edad>16</edad></alumno><alumno dni="44777533Y"><nombre>VICTOR MANUEL</nombre><apellidos>BENITEZ LOPEZ</apellidos><localidad>ZAFRA</localidad><edad>17</edad></alumno><alumno dni="45557771S"><nombre>JUAN TOMAS</nombre><apellidos>BENITEZ ORTIZ</apellidos><localidad>ZAFRA</localidad><edad>14</edad></alumno><alumno dni="44782402E"><nombre>PEDRO MANUEL</nombre><apellidos>BENITEZ ORTIZ</apellidos><localidad>VALENCIA DEL VENTOSO</localidad><edad>17</edad></alumno><alumno dni="9204592S"><nombre>LAURA</nombre><apellidos>BERCIANO ARANDA</apellidos><localidad>ZAFRA</localidad><edad>15</edad></alumno><alumno dni="08846781S"><nombre>JOSEFINA</nombre><apellidos>BERJANO FUENTES</apellidos><localidad>ZAFRA</localidad><edad>15</edad></alumno><alumno dni="8887767S"><nombre>MANUEL</nombre><apellidos>BLANCA GARCIA</apellidos><localidad>ZAFRA</localidad><edad>15</edad></alumno><alumno dni="34780965C"><nombre>MIGUEL ANGEL</nombre><apellidos>BLANCO GARRIDO</apellidos><localidad>FUENTE DEL MAESTRE</localidad><edad>19</edad></alumno><alumno dni="44788211N"><nombre>ZAIDI KARINA</nombre><apellidos>BONILLA PEÑA</apellidos><localidad>ZAFRA</localidad><edad>17</edad></alumno><alumno dni="76251539F"><nombre>JESUS DAVID</nombre><apellidos>BORAITA CORDERO</apellidos><localidad>PUEBLA DE SANCHO PEREZ</localidad><edad>17</edad></alumno><alumno dni="33975388H"><nombre>JESUS</nombre><apellidos>BORRALLO GARCIA</apellidos><localidad>PUEBLA DE SANCHO PEREZ</localidad><edad>17</edad></alumno><alumno dni="44779190F"><nombre>DAVID</nombre><apellidos>BORRALLO HIDALGO</apellidos><localidad>ZAFRA</localidad><edad>19</edad></alumno><alumno dni="08878832G"><nombre>NEKANE</nombre><apellidos>BOSCH BRU</apellidos><localidad>ZAFRA</localidad><edad>17</edad></alumno><alumno dni="80050831K"><nombre>BLANCA</nombre><apellidos>BUJALANCE SANCHEZ</apellidos><localidad>ZAFRA</localidad><edad>17</edad></alumno><alumno dni="08878922W"><nombre>LUCIA</nombre><apellidos>CABEZAS GARCIA</apellidos><localidad>ZAFRA</localidad><edad>15</edad></alumno><alumno dni="8885524A"><nombre>ESTEFANIA</nombre><apellidos>CABEZAS GUERRERO</apellidos><localidad>PUEBLA DE SANCHO PEREZ</localidad><edad>15</edad></alumno><alumno dni="80052472Y"><nombre>MARIA FERNANDA</nombre><apellidos>CAMACHO PEREIRA</apellidos><localidad>PUEBLA D. SANCHO PEREZ</localidad><edad>15</edad></alumno><alumno dni="44779770N"><nombre>ELEAZAR</nombre><apellidos>CAMISON MORENO</apellidos><localidad>ZAFRA</localidad><edad>15</edad></alumno><alumno dni="08883456M"><nombre>ELIO</nombre><apellidos>CAMPOS DOMINGUEZ</apellidos><localidad>MEDINA DE LAS TORRES</localidad><edad>15</edad></alumno><alumno dni="80056250N"><nombre>JOSE MARIA</nombre><apellidos>CAMPOS MORICHE</apellidos><localidad>ZAFRA</localidad><edad>15</edad></alumno><alumno dni="80064415N"><nombre>CLAUDIO</nombre><apellidos>CANDELA GARCIA</apellidos><localidad>LOS SANTOS DE MAIMONA</localidad><edad>21</edad></alumno><alumno dni="80061072G"><nombre>JUAN</nombre><apellidos>CANDELARIO BARRAGAN</apellidos><localidad>ZAFRA</localidad><edad>15</edad></alumno><alumno dni="80060920J"><nombre>IVAN</nombre><apellidos>CANDELARIO PEREZ</apellidos><localidad>VALENCIA DEL VENTOSO</localidad><edad>15</edad></alumno><alumno dni="8878798Q"><nombre>MANUEL</nombre><apellidos>CARABALLO SANCHEZ</apellidos><localidad>ZAFRA</localidad><edad>17</edad></alumno><alumno dni="7253607M"><nombre>VIRGINIA</nombre><apellidos>CARMONA RAMOS</apellidos><localidad>SANTOS DE MAIMONA(LOS)</localidad><edad>19</edad></alumno><alumno dni="08885463B"><nombre>MARIA</nombre><apellidos>CARO VAZQUEZ</apellidos><localidad>ZAFRA</localidad><edad>17</edad></alumno><alumno dni="08879119S"><nombre>VANESSA</nombre><apellidos>CARPINTERO RODRIGUEZ</apellidos><localidad>ZAFRA</localidad><edad>20</edad></alumno><alumno dni="44783434L"><nombre>RICARDO</nombre><apellidos>CARRASCO ABRIL</apellidos><localidad>ZAFRA</localidad><edad>15</edad></alumno><alumno dni="08887769V"><nombre>IRENE</nombre><apellidos>CARRIZOSA GRANERO</apellidos><localidad>ZAFRA</localidad><edad>17</edad></alumno><alumno dni="08878941K"><nombre>CARLOS EMILIO</nombre><apellidos>CARVAJAL ALBUJAR</apellidos><localidad>ZAFRA</localidad><edad>14</edad></alumno><alumno dni="44788064A"><nombre>FRANCISCO JOSE</nombre><apellidos>CARVAJAL IZQUIERDO</apellidos><localidad>ZAFRA</localidad><edad>1997</edad></alumno><alumno dni="8879112P"><nombre>LAURA MARIA</nombre><apellidos>CARVAJAL RINCON</apellidos><localidad>VALENCIA DEL VENTOSO</localidad><edad>15</edad></alumno><alumno dni="80052137Q"><nombre>PEDRO JULIAN</nombre><apellidos>CASADO LOPEZ</apellidos><localidad>ZAFRA</localidad><edad>20</edad></alumno><alumno dni="80052383D"><nombre>PABLO</nombre><apellidos>CASTAÑO ALVAREZ</apellidos><localidad>ZAFRA</localidad><edad>17</edad></alumno><alumno dni="8882919C"><nombre>JOSE LUIS</nombre><apellidos>CASTILLO ZAMBRANO</apellidos><localidad>MEDINA DE LAS TORRES</localidad><edad>15</edad></alumno><alumno dni="80064950H"><nombre>ANA MARIA</nombre><apellidos>CASTRO MARRON</apellidos><localidad>ZAFRA</localidad><edad>23</edad></alumno><alumno dni="44776892D"><nombre>ROBERTO</nombre><apellidos>CASTRO MARTIN</apellidos><localidad>ZAFRA</localidad><edad>14</edad></alumno><alumno dni="80060906E"><nombre>ELIZABETH</nombre><apellidos>CHACON CHAMORRO</apellidos><localidad>BURGUILLOS DEL CERRO</localidad><edad>18</edad></alumno><alumno dni="8878583P"><nombre>VIOLETA</nombre><apellidos>CHAPARRO PEREZ</apellidos><localidad>PUEBLA SANCHO PEREZ</localidad><edad>20</edad></alumno><alumno dni="8883566T"><nombre>FATIMA</nombre><apellidos>CHAVES ALVAREZ</apellidos><localidad>ZAFRA</localidad><edad>16</edad></alumno><alumno dni="800564181F"><nombre>FERNANDO</nombre><apellidos>CHAVES ALVAREZ</apellidos><localidad>ZAFRA</localidad><edad>20</edad></alumno><alumno dni="80051513 J"><nombre>JUAN JOSE</nombre><apellidos>CLARO BAEZ</apellidos><localidad>FUENTE DEL MAESTRE</localidad><edad>20</edad></alumno><alumno dni="80052082F"><nombre>VALENTIN</nombre><apellidos>CLARO BAEZ</apellidos><localidad>LOS SANTOS DE MAIMONA</localidad><edad>20</edad></alumno><alumno dni="44776558C"><nombre>SONIA</nombre><apellidos>CONCEJERO MUÑOZ</apellidos><localidad>ZAFRA</localidad><edad>18</edad></alumno><alumno dni="80050457S"><nombre>JAVIER</nombre><apellidos>CONDE PEREZ</apellidos><localidad>ZAFRA</localidad><edad>18</edad></alumno><alumno dni="9171508M"><nombre>ADOLFO</nombre><apellidos>CONEJO BAYON</apellidos><localidad>ZAFRA</localidad><edad>15</edad></alumno><alumno dni="8882846Q"><nombre>DAVID</nombre><apellidos>CONTIOSO CONDADO</apellidos><localidad>FERIA</localidad><edad>20</edad></alumno><alumno dni="80051172V"><nombre>JORGE</nombre><apellidos>CONTIOSO DOMINGUEZ</apellidos><localidad>ZAFRA</localidad><edad>18</edad></alumno><alumno dni="05666525S"><nombre>LUIS</nombre><apellidos>CORTEGANA RUIZ</apellidos><localidad>ZAFRA</localidad><edad>29</edad></alumno><alumno dni="45557202K"><nombre>SANDRA MARIA</nombre><apellidos>CORTES PALLERO</apellidos><localidad>CALZADILLA D. L. BARROS</localidad><edad>14</edad></alumno><alumno dni="80051455R"><nombre>MARIA</nombre><apellidos>CORTIJO GARRIDO</apellidos><localidad>ZAFRA</localidad><edad>15</edad></alumno><alumno dni="08887601X"><nombre>ALIANNE</nombre><apellidos>COSME GORDILLO</apellidos><localidad>ZAFRA</localidad><edad>21</edad></alumno><alumno dni="45557814N"><nombre>MARTINA</nombre><apellidos>CRESPO ARROYO</apellidos><localidad>FTE. DE CANTOS</localidad><edad>14</edad></alumno><alumno dni="44775693Y"><nombre>PEDRO</nombre><apellidos>CRISTOPHER</apellidos><localidad>ZAFRA</localidad><edad>14</edad></alumno><alumno dni="80056446R"><nombre>HERNAN DANIEL</nombre><apellidos>CROCHE DE ACUÑA DURAN</apellidos><localidad>ZAFRA</localidad><edad>19</edad></alumno><alumno dni="80039661Y"><nombre>NEREA</nombre><apellidos>CROCHE FERNANDEZ</apellidos><localidad>ZAFRA</localidad><edad>22</edad></alumno><alumno dni="08885555B"><nombre>FRANCISCO JAVIER</nombre><apellidos>CROCHE NAVARRO</apellidos><localidad>ZAFRA</localidad><edad>22</edad></alumno><alumno dni="8887666Y"><nombre>MARIA ANGELES</nombre><apellidos>CROCHE NAVARRO</apellidos><localidad>ZAFRA</localidad><edad>15</edad></alumno><alumno dni="8882719G"><nombre>JOSE CARLOS</nombre><apellidos>CROCHE PICON</apellidos><localidad>FUENTE DE CANTOS</localidad><edad>15</edad></alumno><alumno dni="44787358X"><nombre>DANIEL SEBASTIAN</nombre><apellidos>CUBILLO CASILLAS</apellidos><localidad>ZAFRA</localidad><edad>27</edad></alumno><alumno dni="44777239B"><nombre>JOSE CARLOS</nombre><apellidos>CUELLAR HORMIGO</apellidos><localidad>MEDINA DE LAS TORRES</localidad><edad>19</edad></alumno><alumno dni="44786480Y"><nombre>YESSICA</nombre><apellidos>CUESTA MARTIN</apellidos><localidad>ZAFRA</localidad><edad>16</edad></alumno><alumno dni="44787720G"><nombre>INMACULADA CONCEPCIO</nombre><apellidos>DA SILVA AMADOR</apellidos><localidad>FUENTE DE CANTOS</localidad><edad>15</edad></alumno><alumno dni="80046684Z"><nombre>ROSA MARIA</nombre><apellidos>DE BLAS TARRIÑO</apellidos><localidad>ZAFRA</localidad><edad>19</edad></alumno><alumno dni="44789099A"><nombre>MARIA INMACULADA</nombre><apellidos>DE LA CRUZ GARCIA</apellidos><localidad>ZAFRA</localidad><edad>15</edad></alumno><alumno dni="44785902 A"><nombre>INMACULADA</nombre><apellidos>DE LA GALA SANCHEZ</apellidos><localidad>CALZADILLA DE LOS BARROS</localidad><edad>18</edad></alumno><alumno dni="44782754Y"><nombre>FRANCISCO JOSE</nombre><apellidos>DE TORO SANCHEZ</apellidos><localidad>ZAFRA</localidad><edad>19</edad></alumno><alumno dni="44785219X"><nombre>DANIEL</nombre><apellidos>DE VERA GUILLEN</apellidos><localidad>LOS SANTOS DE MAIMONA</localidad><edad>18</edad></alumno><alumno dni="45557834D"><nombre>ISIDRO</nombre><apellidos>DELGADO HACHA</apellidos><localidad>ZAFRA</localidad><edad>17</edad></alumno><alumno dni="44787714K"><nombre>MARIA ISABEL</nombre><apellidos>DELGADO MARQUEZ</apellidos><localidad>FUENTE DE CANTOS</localidad><edad>15</edad></alumno><alumno dni="80056397K"><nombre>ALICIA</nombre><apellidos>DELGADO MUÑOZ</apellidos><localidad>FUENTE DE CANTOS</localidad><edad>15</edad></alumno><alumno dni="34778488G"><nombre>NOELIA</nombre><apellidos>DELGADO MUÑOZ</apellidos><localidad>PUEBLA DE SANCHO PEREZ</localidad><edad>19</edad></alumno><alumno dni="08883483D"><nombre>JOSE ANTONIO</nombre><apellidos>DELGADO ORELLANA</apellidos><localidad>MEDINA DE LAS TORRES</localidad><edad>22</edad></alumno><alumno dni="80064737N"><nombre>ALVARO</nombre><apellidos>DELGADO PEREZ</apellidos><localidad>ZAFRA</localidad><edad>15</edad></alumno><alumno dni="80056262R"><nombre>ANA BELEN</nombre><apellidos>DELGADO PEREZ</apellidos><localidad>ZAFRA</localidad><edad>14</edad></alumno><alumno dni="44778557H"><nombre>JOSE MIGUEL</nombre><apellidos>DELGADO PEREZ</apellidos><localidad>ZAFRA</localidad><edad>16</edad></alumno><alumno dni="80052330W"><nombre>MIGUEL ANGEL</nombre><apellidos>DELGADO ROSAS</apellidos><localidad>ZAFRA</localidad><edad>16</edad></alumno><alumno dni="45556472G"><nombre>MACARENA</nombre><apellidos>DIAZ BECERRA</apellidos><localidad>CALZADILLA DE LOS BARROS</localidad><edad>14</edad></alumno><alumno dni="80056265G"><nombre>JOSE MIGUEL</nombre><apellidos>DIAZ CANO</apellidos><localidad>LOS SANTOS DE MAIMONA</localidad><edad>19</edad></alumno><alumno dni="80064934W"><nombre>FRANCISCO</nombre><apellidos>DIAZ CUMPLIDO</apellidos><localidad>PUEBLA DE SANCHO PEREZ</localidad><edad>21</edad></alumno><alumno dni="44775477C"><nombre>SANDRA</nombre><apellidos>DIAZ DE TERAN IRUN</apellidos><localidad>CALZADILLA D. L. BARROS</localidad><edad>15</edad></alumno><alumno dni="44775586Z"><nombre>Mª DE LOS REMEDIOS</nombre><apellidos>DIAZ LAVADO</apellidos><localidad>ZAFRA</localidad><edad>17</edad></alumno><alumno dni="80051130K"><nombre>VERONICA</nombre><apellidos>DIAZ ORTIZ</apellidos><localidad>ZAFRA</localidad><edad>18</edad></alumno><alumno dni="44786454A"><nombre>MARIA CARMEN</nombre><apellidos>DIOSDADO PEREZ</apellidos><localidad>PUEBLA DE SANCHO PEREZ</localidad><edad>16</edad></alumno><alumno dni="08883481F"><nombre>BEATRIZ</nombre><apellidos>DOMINGUEZ GOMEZ</apellidos><localidad>MEDINA DE LAS TORRES</localidad><edad>15</edad></alumno><alumno dni="45557246L"><nombre>DALILA</nombre><apellidos>DOMINGUEZ MUÑOZ</apellidos><localidad>ZAFRA</localidad><edad>20</edad></alumno><alumno dni="08882714E"><nombre>ANA BELEN</nombre><apellidos>DOMINGUEZ RAMIREZ</apellidos><localidad>ZAFRA</localidad><edad>16</edad></alumno><alumno dni="08883966D"><nombre>MARIA DE LAS NIEVES</nombre><apellidos>DOMINGUEZ ROMERO</apellidos><localidad>MEDINA DE LAS TORRES</localidad><edad>37</edad></alumno><alumno dni="8883342Y"><nombre>FRANCISCO JAVIER</nombre><apellidos>DOMINGUEZ SOSA</apellidos><localidad>ZAFRA</localidad><edad>15</edad></alumno><alumno dni="8882918L"><nombre>MANUEL</nombre><apellidos>DUBLINO ORTIZ</apellidos><localidad>MEDINA DE LAS TORRES</localidad><edad>15</edad></alumno><alumno dni="80052295J"><nombre>MARIA DEL CARMEN</nombre><apellidos>DUQUE CANTON</apellidos><localidad>MEDINA DE LAS TORRES</localidad><edad>23</edad></alumno><alumno dni="80056453P"><nombre>MANUEL</nombre><apellidos>DURAN MARTINEZ</apellidos><localidad>PUEBLA DE SANCHO  PEREZ</localidad><edad>17</edad></alumno><alumno dni="08882894H"><nombre>FRANCISCO MANUEL</nombre><apellidos>DURAN ROMERO</apellidos><localidad>PUEBLA DE SANCHO PEREZ</localidad><edad>15</edad></alumno><alumno dni="80051530F"><nombre>Mª VICTORIA</nombre><apellidos>DURO BUTRON</apellidos><localidad>ZAFRA</localidad><edad>20</edad></alumno><alumno dni="45557110K"><nombre>CARLOS JAVIER</nombre><apellidos>ELIAS LLERA</apellidos><localidad>PUEBLA DE SANCHO PEREZ</localidad><edad>1997</edad></alumno><alumno dni="44783057X"><nombre>SAMUEL</nombre><apellidos>ENGELMO MORICHE</apellidos><localidad>ZAFRA</localidad><edad>14</edad></alumno><alumno dni="44785792P"><nombre>BEATRIZ</nombre><apellidos>ENGELMO MUÑOZ</apellidos><localidad>MEDINA DE LAS TORRES</localidad><edad>19</edad></alumno><alumno dni="80060759J"><nombre>SANTIAGO</nombre><apellidos>ENGELMO MUÑOZ</apellidos><localidad>VALENCIA DEL VENTOSO</localidad><edad>15</edad></alumno><alumno dni="44780246M"><nombre>ANTONIO</nombre><apellidos>ESCUDERO MARTIN</apellidos><localidad>ZAFRA</localidad><edad>17</edad></alumno><alumno dni="80056242G"><nombre>GONZALO</nombre><apellidos>ESCUDERO MORENO</apellidos><localidad>ZAFRA</localidad><edad>22</edad></alumno><alumno dni="08873690Z"><nombre>JOSE LUIS</nombre><apellidos>ESPACIO VAZQUEZ</apellidos><localidad>MEDINA DE LAS TORRES</localidad><edad>15</edad></alumno><alumno dni="8885508X"><nombre>MARTA</nombre><apellidos>ESPADA GOMEZ</apellidos><localidad>ZAFRA</localidad><edad>17</edad></alumno><alumno dni="45555767N"><nombre>DANIEL</nombre><apellidos>ESPADA PAZ</apellidos><localidad>FUENTE DEL MAESTRE</localidad><edad>19</edad></alumno><alumno dni="34781806X"><nombre>ELISABET</nombre><apellidos>ESPINOLA PARDO</apellidos><localidad>ZAFRA</localidad><edad>17</edad></alumno><alumno dni="76262009N"><nombre>LUZ MARIA</nombre><apellidos>ESTEBAN FRANCO</apellidos><localidad>PUEBLA DE SANCHO PEREZ</localidad><edad>18</edad></alumno><alumno dni="34777939F"><nombre>RAUL</nombre><apellidos>ESTIRADO MUÑOZ</apellidos><localidad>ZAFRA</localidad><edad>20</edad></alumno><alumno dni="44780482B"><nombre>JAVIER</nombre><apellidos>FERNANDEZ CALADO</apellidos><localidad>ZAFRA</localidad><edad>23</edad></alumno><alumno dni="80051489N"><nombre>MARIA DEL CARMEN</nombre><apellidos>FERNANDEZ CANTILLO</apellidos><localidad>ZAFRA</localidad><edad>12</edad></alumno><alumno dni="44788095B"><nombre>JOSE JOAQUIN</nombre><apellidos>FERNANDEZ CERVERA</apellidos><localidad>ZAFRA</localidad><edad>17</edad></alumno><alumno dni="44782476G"><nombre>MARIA CRISTINA</nombre><apellidos>FERNANDEZ DE AGUILAR VIATO</apellidos><localidad>ZAFRA</localidad><edad>18</edad></alumno><alumno dni="08878826K"><nombre>LUCIA</nombre><apellidos>FERNANDEZ GARCIA</apellidos><localidad>SANTOS DE MAIMONA(LOS)</localidad><edad>20</edad></alumno><alumno dni="80061002A"><nombre>PAULA</nombre><apellidos>FERNANDEZ GARCIA</apellidos><localidad>ZAFRA</localidad><edad>18</edad></alumno><alumno dni="44776704M"><nombre>ANTONIO</nombre><apellidos>FERNANDEZ GIRALDO</apellidos><localidad>ZAFRA</localidad><edad>14</edad></alumno><alumno dni="80060191C"><nombre>JUAN MIGUEL</nombre><apellidos>FERNANDEZ GOMEZ</apellidos><localidad>ZAFRA</localidad><edad>14</edad></alumno><alumno dni="44785211W"><nombre>MARIA</nombre><apellidos>FERNANDEZ GORDILLO</apellidos><localidad>ZAFRA</localidad><edad>16</edad></alumno><alumno dni="X2488084J"><nombre>MARIA JESUS</nombre><apellidos>FERNANDEZ MEJIAS</apellidos><localidad>ZAFRA</localidad><edad>15</edad></alumno><alumno dni="29614098B"><nombre>FRANCISCO JAVIER</nombre><apellidos>FERNANDEZ MESA</apellidos><localidad>ZAFRA</localidad><edad>1997</edad></alumno><alumno dni="80067913Z"><nombre>ELENA</nombre><apellidos>FERNANDEZ MONTAÑO</apellidos><localidad>ZAFRA</localidad><edad>15</edad></alumno><alumno dni="07253657D"><nombre>LAURA</nombre><apellidos>FERNANDEZ REAL</apellidos><localidad>MEDINA DE LAS TORRES</localidad><edad>17</edad></alumno><alumno dni="09205582Q"><nombre>MANUEL</nombre><apellidos>FERNANDEZ RINCON</apellidos><localidad>VALENCIA DEL VENTOSO</localidad><edad>16</edad></alumno><alumno dni="45557704V"><nombre>MARIA DEL MAR</nombre><apellidos>FRANCO GONZALEZ</apellidos><localidad>ZAFRA</localidad><edad>18</edad></alumno><alumno dni="08887980K"><nombre>JOSE MANUEL</nombre><apellidos>FUENTES CORTIJO</apellidos><localidad>ZAFRA</localidad><edad>16</edad></alumno><alumno dni="34780110Q"><nombre>MARCO ANTONIO</nombre><apellidos>FUENTES FARRONA</apellidos><localidad>ZAFRA</localidad><edad>16</edad></alumno><alumno dni="72551362R"><nombre>CRISTINA MARIA</nombre><apellidos>GAGO PRADO</apellidos><localidad>EL PUERTO DE SANTA MARIA</localidad><edad>18</edad></alumno><alumno dni="80050945C"><nombre>JESUS</nombre><apellidos>GALLARDO MONTERO</apellidos><localidad>ZAFRA</localidad><edad>15</edad></alumno><alumno dni="80065104B"><nombre>MARIA SHEILA</nombre><apellidos>GALLARDO MORENO</apellidos><localidad>ZAFRA</localidad><edad>17</edad></alumno><alumno dni="08882944E"><nombre>SERGIO</nombre><apellidos>GALVAN GARCIA</apellidos><localidad>PUEBLA DE SANCHO PEREZ</localidad><edad>19</edad></alumno><alumno dni="9285272B"><nombre>ESTHER</nombre><apellidos>GALVAN TOMILLO</apellidos><localidad>LA LAPA</localidad><edad>16</edad></alumno><alumno dni="08881737B"><nombre>MIGUEL</nombre><apellidos>GALVAN TORRADO</apellidos><localidad>CALZADILLA DE LOS BARROS</localidad><edad>15</edad></alumno><alumno dni="80056168E"><nombre>MIGUEL</nombre><apellidos>GARAÑA PEREZ</apellidos><localidad>ZAFRA</localidad><edad>26</edad></alumno><alumno dni="44775397D"><nombre>ISAAC</nombre><apellidos>GARCIA ACOSTA</apellidos><localidad>CALZADILLA DE LOS BARROS</localidad><edad>16</edad></alumno><alumno dni="34781005Z"><nombre>CARLOS DOMINGO</nombre><apellidos>GARCIA ALVAREZ</apellidos><localidad>VALENCIA DEL VENTOSO</localidad><edad>16</edad></alumno><alumno dni="08882920K"><nombre>ANA MARIA</nombre><apellidos>GARCIA BARBA</apellidos><localidad>PUEBLA DE SANCHO PEREZ</localidad><edad>16</edad></alumno><alumno dni="8878814D"><nombre>Mª DOLORES</nombre><apellidos>GARCIA DURAN</apellidos><localidad>ZAFRA</localidad><edad>18</edad></alumno><alumno dni="X1452861C"><nombre>MACARENA</nombre><apellidos>GARCIA ELIAS</apellidos><localidad>ZAFRA</localidad><edad>16</edad></alumno><alumno dni="80056501X"><nombre>MANUEL JESUS</nombre><apellidos>GARCIA ESPINOSA</apellidos><localidad>ZAFRA</localidad><edad>15</edad></alumno><alumno dni="80067783E"><nombre>MIGUEL ANGEL</nombre><apellidos>GARCIA FAJARDO</apellidos><localidad>CALZADILLA DE LOS BARROS</localidad><edad>19</edad></alumno><alumno dni="08882287D"><nombre>ALEJANDRO</nombre><apellidos>GARCIA FLORES</apellidos><localidad>FUENTE DE CANTOS</localidad><edad>18</edad></alumno><alumno dni="06949701K"><nombre>MANUEL</nombre><apellidos>GARCIA FUENTES</apellidos><localidad>ZAFRA</localidad><edad>18</edad></alumno><alumno dni="08861254K"><nombre>GEMA ESTHER</nombre><apellidos>GARCIA GARCIA</apellidos><localidad>VALENCIA DEL VENTOSO</localidad><edad>18</edad></alumno><alumno dni="80090733H"><nombre>FERNANDO</nombre><apellidos>GARCIA GIJON</apellidos><localidad>LOS SANTOS DE MAIMONA</localidad><edad>21</edad></alumno><alumno dni="44783339Q"><nombre>JOSE</nombre><apellidos>GARCIA GONZALEZ</apellidos><localidad>PUEBLA DE SANCHO PEREZ</localidad><edad>15</edad></alumno><alumno dni="8882937S"><nombre>RUBEN</nombre><apellidos>GARCIA GORDILLO</apellidos><localidad>ZAFRA</localidad><edad>17</edad></alumno><alumno dni="8855519J"><nombre>SANDRA</nombre><apellidos>GARCIA GRAGERA</apellidos><localidad>ZAFRA</localidad><edad>16</edad></alumno><alumno dni="44782380T"><nombre>FCO. JAVIER</nombre><apellidos>GARCIA HERNANDEZ</apellidos><localidad>VALENCIA DEL VENTOSO</localidad><edad>1997</edad></alumno><alumno dni="80056472G"><nombre>MARIA JOSE</nombre><apellidos>GARCIA LAHERA</apellidos><localidad>ZAFRA</localidad><edad>15</edad></alumno><alumno dni="34774619E"><nombre>MARIA TERESA</nombre><apellidos>GARCIA LASO</apellidos><localidad>ZAFRA</localidad><edad>19</edad></alumno><alumno dni="80067640V"><nombre>JESUS</nombre><apellidos>GARCIA LAVADO</apellidos><localidad>CALZADILLA DE LOS BARROS</localidad><edad>16</edad></alumno><alumno dni="8879081T"><nombre>JUAN GABRIEL</nombre><apellidos>GARCIA MALPICA</apellidos><localidad>VALENCIA DEL VENTOSO</localidad><edad>16</edad></alumno><alumno dni="34777260H"><nombre>Mª DE LA CRUZ</nombre><apellidos>GARCIA MAQUEDA</apellidos><localidad>ZAFRA</localidad><edad>16</edad></alumno><alumno dni="44788770L"><nombre>JOB</nombre><apellidos>GARCIA MONTAÑO</apellidos><localidad>ZAFRA</localidad><edad>14</edad></alumno><alumno dni="80052160Q"><nombre>ANA ISABEL MARIA</nombre><apellidos>GARCIA MONTERO</apellidos><localidad>LA PARRA</localidad><edad>19</edad></alumno><alumno dni="08887625B"><nombre>ESTHER</nombre><apellidos>GARCIA MORENO</apellidos><localidad>ZAFRA</localidad><edad>18</edad></alumno><alumno dni="80060757B"><nombre>VERONICA</nombre><apellidos>GARCIA MORENO</apellidos><localidad>PUEBLA DE SANCHO PEREZ</localidad><edad>17</edad></alumno><alumno dni="44783910N"><nombre>JENNIFER</nombre><apellidos>GARCIA NAVAS</apellidos><localidad>ZAFRA</localidad><edad>1997</edad></alumno><alumno dni="44786285H"><nombre>MARIA TERESA</nombre><apellidos>GARCIA NORIEGA</apellidos><localidad>PUEBLA DE SANCHO PEREZ</localidad><edad>17</edad></alumno><alumno dni="80056279H"><nombre>SAMUEL</nombre><apellidos>GARCIA ORTIZ</apellidos><localidad>ZAFRA</localidad><edad>16</edad></alumno><alumno dni="44786071B"><nombre>TAMARA</nombre><apellidos>GARCIA PACHON</apellidos><localidad>ZAFRA</localidad><edad>19</edad></alumno><alumno dni="45559180K"><nombre>ELIZABETH</nombre><apellidos>GARCIA PEÑA</apellidos><localidad>ZAFRA</localidad><edad>14</edad></alumno><alumno dni="34776471B"><nombre>ELENA</nombre><apellidos>GARCIA RODRIGUEZ</apellidos><localidad>EL RAPOSO</localidad><edad>16</edad></alumno><alumno dni="80052114Q"><nombre>CARLOS</nombre><apellidos>GARCIA ROSAS</apellidos><localidad>PUEBLA DE SANCHO PEREZ</localidad><edad>15</edad></alumno><alumno dni="80056231Q"><nombre>CRISTINA</nombre><apellidos>GARCIA SANCHEZ</apellidos><localidad>ZAFRA</localidad><edad>23</edad></alumno><alumno dni="80065102D"><nombre>BRUNO</nombre><apellidos>GARCIA SEGURA</apellidos><localidad>ZAFRA</localidad><edad>18</edad></alumno><alumno dni="80064792K"><nombre>MACARENA</nombre><apellidos>GARCIA SILVA</apellidos><localidad>ZAFRA</localidad><edad>15</edad></alumno><alumno dni="8879760N"><nombre>ALMUDENA</nombre><apellidos>GARCIA TORO</apellidos><localidad>VALENCIA DEL VENTOSO</localidad><edad>15</edad></alumno><alumno dni="80061056B"><nombre>JOSE LUIS</nombre><apellidos>GARCIA TORO</apellidos><localidad>VALENCIA DEL VENTOSO</localidad><edad>19</edad></alumno><alumno dni="08878834Y"><nombre>MARIA</nombre><apellidos>GARCIA VAZQUEZ</apellidos><localidad>ZAFRA</localidad><edad>16</edad></alumno><alumno dni="44786786J"><nombre>RUBEN</nombre><apellidos>GARCIA VAZQUEZ</apellidos><localidad>ZAFRA</localidad><edad>15</edad></alumno><alumno dni="8888014D"><nombre>ANDRES</nombre><apellidos>GARCIA VILLAZAN</apellidos><localidad>ZAFRA</localidad><edad>17</edad></alumno><alumno dni="8877299N"><nombre>NURIA</nombre><apellidos>GARCIA VILLAZAN</apellidos><localidad>PUEBLA DE SANCHO PEREZ</localidad><edad>16</edad></alumno><alumno dni="44775363K"><nombre>DAVID</nombre><apellidos>GARRIDO GORDILLO</apellidos><localidad>CALZADILLA DE BARROS</localidad><edad>15</edad></alumno><alumno dni="34779473T"><nombre>JONATHAN</nombre><apellidos>GARRIDO PEREZ</apellidos><localidad>ZAFRA</localidad><edad>16</edad></alumno><alumno dni="08883321P"><nombre>JAVIER CARLOS</nombre><apellidos>GARZON CORTES</apellidos><localidad>ZAFRA</localidad><edad>15</edad></alumno><alumno dni="80052306R"><nombre>LAURA</nombre><apellidos>GARZON CORTES</apellidos><localidad>ZAFRA</localidad><edad>18</edad></alumno><alumno dni="44788063W"><nombre>ANGEL</nombre><apellidos>GARZON LLORENTE</apellidos><localidad>ZAFRA</localidad><edad>17</edad></alumno><alumno dni="33979199B"><nombre>JOSE ANTONIO</nombre><apellidos>GAYANGO MENA</apellidos><localidad>ZAFRA</localidad><edad>16</edad></alumno><alumno dni="08887635K"><nombre>NATALIA</nombre><apellidos>GILES SALAS</apellidos><localidad>ZAFRA</localidad><edad>23</edad></alumno><alumno dni="08882556W"><nombre>EMILIO</nombre><apellidos>GILES SOTO</apellidos><localidad>ZAFRA</localidad><edad>21</edad></alumno><alumno dni="44787430J"><nombre>ISABEL</nombre><apellidos>GIRALDO GARCIA</apellidos><localidad>ZAFRA</localidad><edad>18</edad></alumno><alumno dni="80052078A"><nombre>MARIA TERESA</nombre><apellidos>GIRALDO RODRIGUEZ</apellidos><localidad>MEDINA DE LAS TORRES</localidad><edad>15</edad></alumno><alumno dni="80064932T"><nombre>JOSE MANUEL</nombre><apellidos>GIRALDO SCHREIBER</apellidos><localidad>PUEBLA DE SANCHO PEREZ</localidad><edad>17</edad></alumno><alumno dni="08879230B"><nombre>ALICIA</nombre><apellidos>GIROL PAREJA</apellidos><localidad>FUENTE DE CANTOS</localidad><edad>14</edad></alumno><alumno dni="8883359T"><nombre>ANTONIO MANUEL</nombre><apellidos>GOMEZ CORCHERO</apellidos><localidad>ZAFRA</localidad><edad>16</edad></alumno><alumno dni="44779135K"><nombre>CRISTINA</nombre><apellidos>GOMEZ FLORES</apellidos><localidad>MEDINA DE LAS TORRES</localidad><edad>16</edad></alumno><alumno dni="07253767G"><nombre>SHEILA</nombre><apellidos>GOMEZ MENDEZ</apellidos><localidad>ZAFRA</localidad><edad>14</edad></alumno><alumno dni="80043704R"><nombre>SARA</nombre><apellidos>GONZALEZ BARROSO</apellidos><localidad>ZAFRA</localidad><edad>33</edad></alumno><alumno dni="80060768E"><nombre>ANA MARIA</nombre><apellidos>GONZALEZ CARRASCO</apellidos><localidad>PUEBLA DE SANCHO  PEREZ</localidad><edad>17</edad></alumno><alumno dni="80050967L"><nombre>MARIA DE LA PAZ</nombre><apellidos>GONZALEZ CAYETANO</apellidos><localidad>ZAFRA</localidad><edad>1997</edad></alumno><alumno dni="34778554R"><nombre>MARIA ISABEL</nombre><apellidos>GONZALEZ DELGADO</apellidos><localidad>ZAFRA</localidad><edad>15</edad></alumno><alumno dni="80060300Z"><nombre>VIRGINIA</nombre><apellidos>GONZALEZ DOMINGUEZ</apellidos><localidad>ZAFRA</localidad><edad>17</edad></alumno><alumno dni="44782381R"><nombre>ESTRELLA MARIA</nombre><apellidos>GONZALEZ ELIAS</apellidos><localidad>ZAFRA</localidad><edad>15</edad></alumno><alumno dni="09194182R"><nombre>TERESA</nombre><apellidos>GONZALEZ FERNANDEZ</apellidos><localidad>ZAFRA</localidad><edad>16</edad></alumno><alumno dni="80051510X"><nombre>ALVARO</nombre><apellidos>GONZALEZ FLORES</apellidos><localidad>ZAFRA</localidad><edad>17</edad></alumno><alumno dni="44775299A"><nombre>FRANCISCO JAVIER</nombre><apellidos>GONZALEZ FLORIDO</apellidos><localidad>CALZADILLA DE LOS BARROS</localidad><edad>20</edad></alumno><alumno dni="8874828W"><nombre>FRANCISCO JAVIER</nombre><apellidos>GONZALEZ GALAN</apellidos><localidad>ZAFRA</localidad><edad>15</edad></alumno><alumno dni="45557297R"><nombre>JUAN JOSE</nombre><apellidos>GONZALEZ GARCIA</apellidos><localidad>ZAFRA</localidad><edad>16</edad></alumno><alumno dni="34774548C"><nombre>MANUEL ANDRES</nombre><apellidos>GONZALEZ GARCIA</apellidos><localidad>ZAFRA</localidad><edad>19</edad></alumno><alumno dni="44778485S"><nombre>Mª JOSEFA</nombre><apellidos>GONZALEZ GARCIA</apellidos><localidad>ZAFRA</localidad><edad>19</edad></alumno><alumno dni="08882901W"><nombre>TOMAS</nombre><apellidos>GONZALEZ GARRIDO</apellidos><localidad>PUEBLA DE SANCHO PEREZ</localidad><edad>16</edad></alumno><alumno dni="08878902M"><nombre>ANTONIO JESUS</nombre><apellidos>GONZALEZ GONZALEZ</apellidos><localidad>FUENTE DE CANTOS</localidad><edad>15</edad></alumno><alumno dni="44783833G"><nombre>MARTA</nombre><apellidos>GONZALEZ HERNANDEZ</apellidos><localidad>PUEBLA DE SANCHO PEREZ</localidad><edad>14</edad></alumno><alumno dni="44787854T"><nombre>MARIA DEL PILAR</nombre><apellidos>GONZALEZ INDIA</apellidos><localidad>VALENCIA DEL VENTOSO</localidad><edad>15</edad></alumno><alumno dni="8882650G"><nombre>LORENA</nombre><apellidos>GONZALEZ INFANTE</apellidos><localidad>ZAFRA</localidad><edad>16</edad></alumno><alumno dni="08895329X"><nombre>CRISTINA</nombre><apellidos>GONZALEZ MONTAÑO</apellidos><localidad>ZAFRA</localidad><edad>15</edad></alumno><alumno dni="09194184A"><nombre>ALVARO IGNACIO</nombre><apellidos>GONZALEZ MORENO</apellidos><localidad>ZAFRA</localidad><edad>16</edad></alumno><alumno dni="44776869D"><nombre>FRANCISCO MANUEL</nombre><apellidos>GONZALEZ PERERA</apellidos><localidad>FERIA</localidad><edad>16</edad></alumno><alumno dni="07253809T"><nombre>BEATRIZ</nombre><apellidos>GONZALEZ PULIDO</apellidos><localidad>ZAFRA</localidad><edad>15</edad></alumno><alumno dni="80052350E"><nombre>JUAN LUIS</nombre><apellidos>GONZALEZ RETAMAL</apellidos><localidad>ZAFRA</localidad><edad>17</edad></alumno><alumno dni="44787007G"><nombre>BEATRIZ</nombre><apellidos>GONZALEZ RODRIGUEZ</apellidos><localidad>ZAFRA</localidad><edad>22</edad></alumno><alumno dni="08882326W"><nombre>MARINA</nombre><apellidos>GONZALEZ SANTIAGO</apellidos><localidad>ZAFRA</localidad><edad>19</edad></alumno><alumno dni="44786144S"><nombre>JOSE ANTONIO</nombre><apellidos>GONZALEZ SAYAVERA</apellidos><localidad>PUEBLA DE SANCHO PEREZ</localidad><edad>21</edad></alumno><alumno dni="8866338E"><nombre>ELISABETH</nombre><apellidos>GONZALEZ TAJAHUERCE</apellidos><localidad>ZAFRA</localidad><edad>19</edad></alumno><alumno dni="80060823P"><nombre>ALBERTO</nombre><apellidos>GONZALO DOMINGUEZ</apellidos><localidad>ZAFRA</localidad><edad>14</edad></alumno><alumno dni="8882657B"><nombre>MARIA ANGELES</nombre><apellidos>GORDILLO CAMUÑEZ</apellidos><localidad>CALZADILLA DE LOS BARROS</localidad><edad>15</edad></alumno><alumno dni="08887680C"><nombre>MARTA</nombre><apellidos>GORDILLO FERNANDEZ</apellidos><localidad>ZAFRA</localidad><edad>14</edad></alumno><alumno dni="44789621L"><nombre>DIANA</nombre><apellidos>GORDILLO GARCIA</apellidos><localidad>ZAFRA</localidad><edad>20</edad></alumno><alumno dni="8888015 X"><nombre>FRANCISCO</nombre><apellidos>GORDILLO GARCIA</apellidos><localidad>ZAFRA</localidad><edad>16</edad></alumno><alumno dni="11842028H"><nombre>VICTOR ABEL</nombre><apellidos>GORDILLO GORDILLO</apellidos><localidad>VALENCIA DEL VENTOSO</localidad><edad>17</edad></alumno><alumno dni="80060821Y"><nombre>ESAU</nombre><apellidos>GORDILLO RAMOS</apellidos><localidad>ZAFRA</localidad><edad>16</edad></alumno><alumno dni="08882304A"><nombre>MANUEL</nombre><apellidos>GORDILLO RODRIGUEZ</apellidos><localidad>ZAFRA</localidad><edad>16</edad></alumno><alumno dni="44783200S"><nombre>ALFREDO JAVIER</nombre><apellidos>GRANADO TRIGO</apellidos><localidad>ZAFRA</localidad><edad>16</edad></alumno><alumno dni="09204551C"><nombre>ANTONIO</nombre><apellidos>GRANERO GARCIA</apellidos><localidad>ZAFRA</localidad><edad>18</edad></alumno><alumno dni="45556301V"><nombre>MANUEL</nombre><apellidos>GUERRERO GUILLEN</apellidos><localidad>PUEBLA DE SANCHO PEREZ</localidad><edad>14</edad></alumno><alumno dni="44784294M"><nombre>ANTONIO</nombre><apellidos>GUERRERO PEREZ</apellidos><localidad>ZAFRA</localidad><edad>21</edad></alumno><alumno dni="8006140R"><nombre>JOSE MANUEL</nombre><apellidos>GUERRERO SANTIAGO</apellidos><localidad>ZAFRA</localidad><edad>16</edad></alumno><alumno dni="34778076Y"><nombre>VICTOR MANUEL</nombre><apellidos>GUERRERO SANTIAGO</apellidos><localidad>ZAFRA</localidad><edad>14</edad></alumno><alumno dni="80052354A"><nombre>JENNIFER</nombre><apellidos>GUERRERO VILLA</apellidos><localidad>ZAFRA</localidad><edad>20</edad></alumno><alumno dni="44784097S"><nombre>CRISTINA</nombre><apellidos>GUIJARRO MAROTO</apellidos><localidad>ZAFRA</localidad><edad>16</edad></alumno><alumno dni="80052165K"><nombre>MARIA TERESA</nombre><apellidos>GUILLEN TORO</apellidos><localidad>BURGUILLOS DEL CERRO</localidad><edad>24</edad></alumno><alumno dni="80064682A"><nombre>CRISTINA</nombre><apellidos>GUILLEN VAZQUEZ</apellidos><localidad>ZAFRA</localidad><edad>15</edad></alumno><alumno dni="80060763V"><nombre>LORENA</nombre><apellidos>GUILLERMO LLERA</apellidos><localidad>PUEBLA DE SANCHO PEREZ</localidad><edad>15</edad></alumno><alumno dni="80044522Z"><nombre>ANTONIO</nombre><apellidos>GUILLERMO RAMOS</apellidos><localidad>PUEBLA DE SANCHO PEREZ</localidad><edad>16</edad></alumno><alumno dni="80060244G"><nombre>MARIA DEL CARMEN</nombre><apellidos>GUILLERMO SILVA</apellidos><localidad>FUENTE DE CANTOS</localidad><edad>17</edad></alumno><alumno dni="80052296Z"><nombre>MARTA</nombre><apellidos>GUISADO PALACIOS</apellidos><localidad>MEDINA DE LAS TORRES</localidad><edad>19</edad></alumno><alumno dni="08882617V"><nombre>GUADALUPE</nombre><apellidos>GUISADO RAMIREZ</apellidos><localidad>PUEBLA SANCHO PEREZ</localidad><edad>17</edad></alumno><alumno dni="34779447C"><nombre>JOSE MANUEL</nombre><apellidos>GUTIERREZ GARCIA</apellidos><localidad>PUEBLA DE SANCHO PEREZ</localidad><edad>15</edad></alumno><alumno dni="72689964M"><nombre>BLAS</nombre><apellidos>GUTIERREZ MARQUEZ</apellidos><localidad>ZAFRA</localidad><edad>16</edad></alumno><alumno dni="34779516C"><nombre>ISABEL MARIA</nombre><apellidos>GUTIERREZ MONTAÑO</apellidos><localidad>ZAFRA</localidad><edad>18</edad></alumno><alumno dni="34777630C"><nombre>RAUL</nombre><apellidos>HABELA SANZ</apellidos><localidad>ZAFRA</localidad><edad>21</edad></alumno><alumno dni="44779372M"><nombre>SONIA</nombre><apellidos>HERNANDEZ ALDAMA</apellidos><localidad>ZAFRA</localidad><edad>17</edad></alumno><alumno dni="44783518B"><nombre>QUIANG</nombre><apellidos>HERNANDEZ BELLIDO</apellidos><localidad>BURGUILLOS DEL CERRO</localidad><edad>21</edad></alumno><alumno dni="80052341 J"><nombre>ANA</nombre><apellidos>HERNANDEZ CLEMENTE</apellidos><localidad>ZAFRA</localidad><edad>15</edad></alumno><alumno dni="34777679T"><nombre>MARCOS JAVIER</nombre><apellidos>HERNANDEZ GOMEZ</apellidos><localidad>ZAFRA</localidad><edad>16</edad></alumno><alumno dni="80051593R"><nombre>DEYANIRA</nombre><apellidos>HERNANDEZ LUQUE</apellidos><localidad>PUEBLA DE SANCHO PEREZ</localidad><edad>15</edad></alumno><alumno dni="8883567R"><nombre>CARMEN MARIA</nombre><apellidos>HERNANDEZ MACARRO</apellidos><localidad>ZAFRA</localidad><edad>16</edad></alumno><alumno dni="44787896L"><nombre>FRANCISCO JAVIER</nombre><apellidos>HERNANDEZ MACARRO</apellidos><localidad>ZAFRA</localidad><edad>17</edad></alumno><alumno dni="08878815X"><nombre>MARIA DEL ROSARIO</nombre><apellidos>HERNANDEZ MEJIAS</apellidos><localidad>ZAFRA</localidad><edad>20</edad></alumno><alumno dni="80069951M"><nombre>PALOMA</nombre><apellidos>HERNANDEZ VALENCIA</apellidos><localidad>PUEBLA DE SANCHO PEREZ</localidad><edad>21</edad></alumno><alumno dni="44783338S"><nombre>MANUEL</nombre><apellidos>HERRERA RAMOS</apellidos><localidad>ZAFRA</localidad><edad>16</edad></alumno><alumno dni="07253565D"><nombre>MARIA VICTORIA</nombre><apellidos>HOYOS FRANCO</apellidos><localidad>PUEBLA DE SANCHO PEREZ</localidad><edad>15</edad></alumno><alumno dni="76251565X"><nombre>DAVID</nombre><apellidos>HURTADO GUISADO</apellidos><localidad>LOS SANTOS DE MAIMONA</localidad><edad>17</edad></alumno><alumno dni="45556369Q"><nombre>FRANCISCO JAVIE</nombre><apellidos>IGLESIAS BENITEZ</apellidos><localidad>ZAFRA</localidad><edad>14</edad></alumno><alumno dni="8879072Z"><nombre>TEODORO DIEGO</nombre><apellidos>IGLESIAS BENITEZ</apellidos><localidad>VALENCIA DEL VENTOSO</localidad><edad>15</edad></alumno><alumno dni="80060218R"><nombre>CARMEN</nombre><apellidos>JARAMILLO BELLIDO</apellidos><localidad>PUEBLA DE SANCHO PEREZ</localidad><edad>15</edad></alumno><alumno dni="80052220F"><nombre>ANA</nombre><apellidos>JIMENEZ BERMUDEZ</apellidos><localidad>PUEBLA DE SANCHO PEREZ</localidad><edad>17</edad></alumno><alumno dni="80051552Y"><nombre>GEMA MARIA</nombre><apellidos>JIMENEZ DELGADO</apellidos><localidad>ZAFRA</localidad><edad>14</edad></alumno><alumno dni="80044360J"><nombre>MARIA</nombre><apellidos>JIMENEZ FERRON</apellidos><localidad>PUEBLA DE SANCHO PEREZ</localidad><edad>16</edad></alumno><alumno dni="8876350Y"><nombre>ESTHER</nombre><apellidos>JIMENEZ GARCIA</apellidos><localidad>ZAFRA</localidad><edad>14</edad></alumno><alumno dni="45556292P"><nombre>INMACULADA</nombre><apellidos>LADERO ORTIZ</apellidos><localidad>ZAFRA</localidad><edad>20</edad></alumno><alumno dni="44783260Y"><nombre>MARIA DEL ROCIO</nombre><apellidos>LAGARES DELGADO</apellidos><localidad>ZAFRA</localidad><edad>15</edad></alumno><alumno dni="33974075Q"><nombre>JUAN MANUEL</nombre><apellidos>LASO CASERO</apellidos><localidad>VALENCIA DEL VENTOSO</localidad><edad>18</edad></alumno><alumno dni="80051461F"><nombre>MARCOS</nombre><apellidos>LAVADO FERNANDEZ</apellidos><localidad>ZAFRA</localidad><edad>15</edad></alumno><alumno dni="80052317N"><nombre>MARIA MACARENA</nombre><apellidos>LAVADO FERNANDEZ</apellidos><localidad>ZAFRA</localidad><edad>16</edad></alumno><alumno dni="34780309P"><nombre>FRANCISCO</nombre><apellidos>LAVADO PEREZ</apellidos><localidad>ZAFRA</localidad><edad>15</edad></alumno><alumno dni="08878815X"><nombre>JUAN DE DIOS</nombre><apellidos>LAVADO SALMERON</apellidos><localidad>MEDINA DE LAS TORRES</localidad><edad>20</edad></alumno><alumno dni="80056162Q"><nombre>DANIEL</nombre><apellidos>LAVADO SANTIAGO</apellidos><localidad>PUEBLA DE SANCHO PEREZ</localidad><edad>17</edad></alumno><alumno dni="80052359P"><nombre>ANA ISABEL</nombre><apellidos>LEON ARROYO</apellidos><localidad>ZAFRA</localidad><edad>19</edad></alumno><alumno dni="44788722V"><nombre>JUAN CARLOS</nombre><apellidos>LEON LAGOA</apellidos><localidad>ZAFRA</localidad><edad>18</edad></alumno><alumno dni="44782461N"><nombre>SALUSTIANO MANUEL</nombre><apellidos>LISEA CANDELARIO</apellidos><localidad>ZAFRA</localidad><edad>16</edad></alumno><alumno dni="80065103X"><nombre>RAFAEL</nombre><apellidos>LLANOS RODRIGUEZ</apellidos><localidad>ZAFRA</localidad><edad>16</edad></alumno><alumno dni="80051166B"><nombre>FERNANDO</nombre><apellidos>LLERA CABEZAS</apellidos><localidad>ZAFRA</localidad><edad>14</edad></alumno><alumno dni="800050910G"><nombre>FATIMA</nombre><apellidos>LLERA GARCIA</apellidos><localidad>ZAFRA</localidad><edad>19</edad></alumno><alumno dni="80080012S"><nombre>JAVIER</nombre><apellidos>LOBO RODRIGUEZ</apellidos><localidad>LOS SANTOS DE M AIMONA</localidad><edad>15</edad></alumno><alumno dni="80050924E"><nombre>ANA MARIA</nombre><apellidos>LONGARES LLORET</apellidos><localidad>ZAFRA</localidad><edad>14</edad></alumno><alumno dni="8879069B"><nombre>JENNIFER</nombre><apellidos>LOPEZ AREVALO</apellidos><localidad>ZAFRA</localidad><edad>15</edad></alumno><alumno dni="44789911X"><nombre>OSCAR</nombre><apellidos>LOPEZ BARROS</apellidos><localidad>ZAFRA</localidad><edad>17</edad></alumno><alumno dni="80067732V"><nombre>RAUL</nombre><apellidos>LOPEZ CANSECO</apellidos><localidad>ZAFRA</localidad><edad>18</edad></alumno><alumno dni="8878779 C"><nombre>LORENA</nombre><apellidos>LOPEZ GALVAN</apellidos><localidad>ZAFRA</localidad><edad>14</edad></alumno><alumno dni="44788860V"><nombre>JOSE JOAQUIN</nombre><apellidos>LOPEZ RIVADENEYRA</apellidos><localidad>ZAFRA</localidad><edad>14</edad></alumno><alumno dni="44788305Z"><nombre>ELENA</nombre><apellidos>LOPEZ SANCHEZ</apellidos><localidad>ZAFRA</localidad><edad>16</edad></alumno><alumno dni="8885498T"><nombre>ISABEL MARIA</nombre><apellidos>LOPEZ SANCHEZ</apellidos><localidad>CALZADILLA DE LOS BARROS</localidad><edad>16</edad></alumno><alumno dni="45558266G"><nombre>DAVID</nombre><apellidos>LOPEZ-MORENAS SUAREZ</apellidos><localidad>ZAFRA</localidad><edad>19</edad></alumno><alumno dni="80051398J"><nombre>FERNANDO ALONSO</nombre><apellidos>LOZANO GRANERO</apellidos><localidad>ZAFRA</localidad><edad>14</edad></alumno><alumno dni="80051511B"><nombre>MARIA VICTORIA</nombre><apellidos>MACIAS GUZMAN</apellidos><localidad>ZAFRA</localidad><edad>14</edad></alumno><alumno dni="44784722L"><nombre>SIMON</nombre><apellidos>MACIAS GUZMAN</apellidos><localidad>ZAFRA</localidad><edad>17</edad></alumno><alumno dni="08878799V"><nombre>RAQUEL</nombre><apellidos>MACIAS MALPICA</apellidos><localidad>VALENCIA DEL VENTOSO</localidad><edad>15</edad></alumno><alumno dni="08882881M"><nombre>AROA</nombre><apellidos>MAGRO RODRIGUEZ</apellidos><localidad>PUEBLA DE SANCHO PEREZ</localidad><edad>15</edad></alumno><alumno dni="44776522F"><nombre>ELIZABETH</nombre><apellidos>MALDONADO JIMENEZ</apellidos><localidad>ZAFRA</localidad><edad>16</edad></alumno><alumno dni="08874637H"><nombre>GEMA</nombre><apellidos>MANCERA BECERRA</apellidos><localidad>MEDINA DE LAS TORRRES</localidad><edad>17</edad></alumno><alumno dni="44784368X"><nombre>ANTONIO ALBERTO</nombre><apellidos>MANCERA GONZALEZ</apellidos><localidad>VALENCIA DEL VENTOSO</localidad><edad>15</edad></alumno><alumno dni="44785271Q"><nombre>JUAN FRANCISCO</nombre><apellidos>MANCERA RONCERO</apellidos><localidad>ZAFRA</localidad><edad>15</edad></alumno><alumno dni="08888009G"><nombre>LOURDES BEATRIZ</nombre><apellidos>MAÑERO PEREZ</apellidos><localidad>ZAFRA</localidad><edad>15</edad></alumno><alumno dni="44787500Z"><nombre>MARIA DEL CARMEN</nombre><apellidos>MANGAS OSUNA</apellidos><localidad>ZAFRA</localidad><edad>18</edad></alumno><alumno dni="8878934Z"><nombre>MARIA VICTORIA</nombre><apellidos>MARROQUIN MENAYA</apellidos><localidad>ZAFRA</localidad><edad>15</edad></alumno><alumno dni="80060191C"><nombre>MANUEL</nombre><apellidos>MARTIN SUAREZ</apellidos><localidad>ZAFRA</localidad><edad>14</edad></alumno><alumno dni="0066844Y"><nombre>JOSE LUIS</nombre><apellidos>MARTINEZ AGUILAR</apellidos><localidad>ZAFRA</localidad><edad>15</edad></alumno><alumno dni="80052110N"><nombre>ELENA</nombre><apellidos>MARTINEZ CANDELARIO</apellidos><localidad>PUEBLA DE SANCHO PEREZ</localidad><edad>19</edad></alumno><alumno dni="09197449W"><nombre>MARIA DE LAS NIEVES</nombre><apellidos>MARTINEZ CARRAMIÑANA</apellidos><localidad>VALENCIA DEL VENTOSO</localidad><edad>1997</edad></alumno><alumno dni="44781219N"><nombre>MANUEL</nombre><apellidos>MARTINEZ GONZALEZ</apellidos><localidad>ZAFRA</localidad><edad>16</edad></alumno><alumno dni="34775547F"><nombre>MANUEL JESUS</nombre><apellidos>MARTINEZ GUERRERO</apellidos><localidad>MEDINA DE LAS TORRES</localidad><edad>18</edad></alumno><alumno dni="80060312A"><nombre>FCO. DE BORJA</nombre><apellidos>MARTINEZ ORTIZ</apellidos><localidad>ZAFRA</localidad><edad>15</edad></alumno><alumno dni="8882618H"><nombre>MARIA ISABEL</nombre><apellidos>MATAMOROS NAVARRO</apellidos><localidad>FUENTE DEL MAESTRE</localidad><edad>22</edad></alumno><alumno dni="80069390L"><nombre>LUIS</nombre><apellidos>MATAMOROS VAZQUEZ</apellidos><localidad>PUEBLA DE SANCHO PEREZ</localidad><edad>18</edad></alumno><alumno dni="34776931B"><nombre>MARTA</nombre><apellidos>MATO FERNANDEZ</apellidos><localidad>ZAFRA</localidad><edad>15</edad></alumno><alumno dni="08882887B"><nombre>DAVID</nombre><apellidos>MATOS CALVO</apellidos><localidad>PUEBLA DE SANCHO PEREZ</localidad><edad>16</edad></alumno><alumno dni="34781806X"><nombre>JULIAN DIEGO</nombre><apellidos>MATOS CALVO</apellidos><localidad>MEDINA DE LAS TORRES</localidad><edad>24</edad></alumno><alumno dni="44783928 F"><nombre>CARLOS</nombre><apellidos>MATOS CARABALLO</apellidos><localidad>PUEBLA DE SANCHO PEREZ</localidad><edad>17</edad></alumno><alumno dni="08857103X"><nombre>ISMAEL</nombre><apellidos>MATOS RODRIGUEZ</apellidos><localidad>PUEBLA DE SANCHO PEREZ</localidad><edad>16</edad></alumno><alumno dni="44778540R"><nombre>ALEJANDRO JOSE</nombre><apellidos>MAYA CHAMIZO</apellidos><localidad>FUENTE DE CANTOS</localidad><edad>18</edad></alumno><alumno dni="80061010B"><nombre>MERCEDES</nombre><apellidos>MAYA CHAMIZO</apellidos><localidad>ZAFRA</localidad><edad>17</edad></alumno><alumno dni="08885528F"><nombre>M.PIEDRAESCRITA</nombre><apellidos>MEDINA MONTERO</apellidos><localidad>ZAFRA</localidad><edad>32</edad></alumno><alumno dni="08882667K"><nombre>ALBERTO</nombre><apellidos>MEGIAS MORENO</apellidos><localidad>ZAFRA</localidad><edad>17</edad></alumno><alumno dni="08887982T"><nombre>ANTONIA</nombre><apellidos>MEGIAS MORENO</apellidos><localidad>ZAFRA</localidad><edad>18</edad></alumno><alumno dni="44779383"><nombre>RUBEN</nombre><apellidos>MEJIAS ESTEBAN</apellidos><localidad>ZAFRA</localidad><edad>15</edad></alumno><alumno dni="08861862P"><nombre>BEATRIZ</nombre><apellidos>MEJIAS GARCIA</apellidos><localidad>FUENTE DE CANTOS</localidad><edad>20</edad></alumno><alumno dni="08882300E"><nombre>MARIA VERONICA</nombre><apellidos>MEJIAS PEREZ</apellidos><localidad>ZAFRA</localidad><edad>23</edad></alumno><alumno dni="80061139W"><nombre>CRISTINA</nombre><apellidos>MEJIAS TORRES</apellidos><localidad>ZAFRA</localidad><edad>18</edad></alumno><alumno dni="8882841 B"><nombre>ISMAEL</nombre><apellidos>MENA TAVERO</apellidos><localidad>ZAFRA</localidad><edad>19</edad></alumno><alumno dni="08883483D"><nombre>JAIME</nombre><apellidos>MENESES DIAZ</apellidos><localidad>MEDINA DE LAS TORRES</localidad><edad>18</edad></alumno><alumno dni="34778549L"><nombre>JUAN MARIA</nombre><apellidos>MERINO TORO</apellidos><localidad>ZAFRA</localidad><edad>15</edad></alumno><alumno dni="79307039A"><nombre>MARIA ANTONIA</nombre><apellidos>MILAN ROMAN</apellidos><localidad>MEDINA DE LAS TORRES</localidad><edad>15</edad></alumno><alumno dni="44787611X"><nombre>ABEL</nombre><apellidos>MILLAN BARRASO</apellidos><localidad>FUENTE DE CANTOS</localidad><edad>17</edad></alumno><alumno dni="80050821B"><nombre>ALBERTO</nombre><apellidos>MILLAN MURCIANO</apellidos><localidad>PUEBLA SANCHO PEREZ</localidad><edad>15</edad></alumno><alumno dni="76251234R"><nombre>FRANCISCO MANUEL</nombre><apellidos>MILLER HERNANDEZ</apellidos><localidad>PUEBLA DE SANCHO PEREZ</localidad><edad>16</edad></alumno><alumno dni="80060291M"><nombre>FRANCISCO JAVIER</nombre><apellidos>MINERO GARCIA</apellidos><localidad>ZAFRA</localidad><edad>19</edad></alumno><alumno dni="8882683 Z"><nombre>FRANCISCO JAVIER</nombre><apellidos>MINERO RODRIGUEZ</apellidos><localidad>FUENTE DE CANTOS</localidad><edad>18</edad></alumno><alumno dni="44785642L"><nombre>CELIA MARIA</nombre><apellidos>MOÑIZ GOMEZ</apellidos><localidad>PUEBLA  SANCHO PEREZ</localidad><edad>15</edad></alumno><alumno dni="80064798G"><nombre>ENCARNACION</nombre><apellidos>MOÑIZ GOMEZ</apellidos><localidad>LOS SANTOS DE MAIMONA</localidad><edad>21</edad></alumno><alumno dni="44783525H"><nombre>GEMA</nombre><apellidos>MOÑIZ GOMEZ</apellidos><localidad>ZAFRA</localidad><edad>18</edad></alumno><alumno dni="7253803V"><nombre>MARIA PILAR</nombre><apellidos>MONTALVO MATA</apellidos><localidad>ZAFRA</localidad><edad>14</edad></alumno><alumno dni="44779126N"><nombre>CRISTINA</nombre><apellidos>MONTAÑO AMADOR</apellidos><localidad>ZAFRA</localidad><edad>15</edad></alumno><alumno dni="08887558J"><nombre>FCO. DE ASIS</nombre><apellidos>MONTAÑO AMAYA</apellidos><localidad>ZAFRA</localidad><edad>19</edad></alumno><alumno dni="8887570W"><nombre>ANGEL</nombre><apellidos>MONTAÑO FERNANDEZ</apellidos><localidad>ZAFRA</localidad><edad>23</edad></alumno><alumno dni="08882661S"><nombre>FRANCISCO JAVIER</nombre><apellidos>MONTAÑO MOÑIZ</apellidos><localidad>ZAFRA</localidad><edad>14</edad></alumno><alumno dni="45556264A"><nombre>JOSE ROMAN</nombre><apellidos>MONTAÑO MOÑIZ</apellidos><localidad>VALENCIA DEL VENTOSO</localidad><edad>15</edad></alumno><alumno dni="08878864J"><nombre>MARIA DEL CARMEN</nombre><apellidos>MONTAÑO SALAZAR</apellidos><localidad>FUENTE DEL MAESTRE</localidad><edad>22</edad></alumno><alumno dni="08859509R"><nombre>ISABEL</nombre><apellidos>MORA UCEDA</apellidos><localidad>ZAFRA</localidad><edad>15</edad></alumno><alumno dni="80074487X"><nombre>ISIDRO MANUEL</nombre><apellidos>MORAL MATAS</apellidos><localidad>CALZADILLA DE BARROS</localidad><edad>16</edad></alumno><alumno dni="08881221R"><nombre>ISABEL MARIA</nombre><apellidos>MORALES GORDILLO</apellidos><localidad>MEDINA DE LAS TORRES</localidad><edad>17</edad></alumno><alumno dni="07253402F"><nombre>MARIA DEL CARMEN</nombre><apellidos>MORALES SANABRIA</apellidos><localidad>ZAFRA</localidad><edad>15</edad></alumno><alumno dni="80051198C"><nombre>DANIEL</nombre><apellidos>MORAN DURAN</apellidos><localidad>ZAFRA</localidad><edad>15</edad></alumno><alumno dni="45556198Y"><nombre>INMACULADA</nombre><apellidos>MORATO AGUILAR</apellidos><localidad>FUENTE DE CANTOS</localidad><edad>18</edad></alumno><alumno dni="8835232N"><nombre>MARIA DEL MAR</nombre><apellidos>MORENO BRAVO</apellidos><localidad>PUEBLA DE SANCHO PEREZ</localidad><edad>19</edad></alumno><alumno dni="34779929L"><nombre>REBECA</nombre><apellidos>MORENO CAMACHO</apellidos><localidad>VALENCIA DEL VENTOSO</localidad><edad>18</edad></alumno><alumno dni="80073130X"><nombre>ANA MARIA</nombre><apellidos>MORENO GORDILLO</apellidos><localidad>CALZADILLA DE LOS BARROS</localidad><edad>21</edad></alumno><alumno dni="34774577A"><nombre>MARIA</nombre><apellidos>MORENO LAVADO</apellidos><localidad>ZAFRA</localidad><edad>14</edad></alumno><alumno dni="76251232E"><nombre>ISABEL MARIA</nombre><apellidos>MORENO ORTIZ</apellidos><localidad>CALZADILLA DE LOS BARROS</localidad><edad>16</edad></alumno><alumno dni="80067651M"><nombre>ALEJANDRO</nombre><apellidos>MORENO RODRIGUEZ</apellidos><localidad>ZAFRA</localidad><edad>15</edad></alumno><alumno dni="08878952D"><nombre>ELIZABETH</nombre><apellidos>MORGADO FUENTES</apellidos><localidad>ZAFRA</localidad><edad>15</edad></alumno><alumno dni="34775105W"><nombre>AZAHARA</nombre><apellidos>MOSQUERA GARCIA</apellidos><localidad>ZAFRA</localidad><edad>15</edad></alumno><alumno dni="44779770N"><nombre>MARIA DEL VALLE</nombre><apellidos>MUERTE HERNANDEZ</apellidos><localidad>ZAFRA</localidad><edad>20</edad></alumno><alumno dni="08825721T"><nombre>CELIA</nombre><apellidos>MUÑIZ CORDERO</apellidos><localidad>ZAFRA</localidad><edad>14</edad></alumno><alumno dni="08878890Q"><nombre>CELIA</nombre><apellidos>MUÑIZ LOZANO</apellidos><localidad>PUEBLA DE SANCHO PÉREZ</localidad><edad>15</edad></alumno><alumno dni="44788000P"><nombre>GABRIEL</nombre><apellidos>MUÑOZ BARRERO</apellidos><localidad>ZAFRA</localidad><edad>18</edad></alumno><alumno dni="80047427K"><nombre>LUIS</nombre><apellidos>MUÑOZ CANTILLO</apellidos><localidad>ZAFRA</localidad><edad>17</edad></alumno><alumno dni="80060309T"><nombre>ALBERTO</nombre><apellidos>MUÑOZ GUERRERO</apellidos><localidad>PUEBLA DE SANCHO PEREZ</localidad><edad>1997</edad></alumno><alumno dni="08884070K"><nombre>ALEJANDRO</nombre><apellidos>MUÑOZ JIMENEZ</apellidos><localidad>ZAFRA</localidad><edad>15</edad></alumno><alumno dni="80056329E"><nombre>JOSE ANGEL</nombre><apellidos>MUÑOZ MORENO</apellidos><localidad>ZAFRA</localidad><edad>15</edad></alumno><alumno dni="08887650J"><nombre>LUIS</nombre><apellidos>MUÑOZ PASTOR</apellidos><localidad>ZAFRA</localidad><edad>15</edad></alumno><alumno dni="80052565F"><nombre>MANUEL</nombre><apellidos>MUÑOZ SAENZ</apellidos><localidad>ZAFRA</localidad><edad>16</edad></alumno><alumno dni="08866481G"><nombre>MANUEL</nombre><apellidos>MURILLO GARCIA</apellidos><localidad>PUEBLA DE SANCHO PEREZ</localidad><edad>15</edad></alumno><alumno dni="44777060 Q"><nombre>SILVIA</nombre><apellidos>MURILLO GARCIA</apellidos><localidad>ZAFRA</localidad><edad>22</edad></alumno><alumno dni="80056277Q"><nombre>GABRIEL JULIAN</nombre><apellidos>MURILLO MURILLO</apellidos><localidad>ZAFRA</localidad><edad>16</edad></alumno><alumno dni="08887987M"><nombre>FRANCISCO JAVIER</nombre><apellidos>NAHARRO GARCIA</apellidos><localidad>PUEBLA  SANCHO PEREZ</localidad><edad>15</edad></alumno><alumno dni="08882636J"><nombre>MARIA</nombre><apellidos>NAJARRO APOLO</apellidos><localidad>PUEBLA SANCHO PEREZ</localidad><edad>17</edad></alumno><alumno dni="8882282G"><nombre>ANGEL</nombre><apellidos>NAJARRO CONTRERAS</apellidos><localidad>ZAFRA</localidad><edad>15</edad></alumno><alumno dni="80052148G"><nombre>MANUEL</nombre><apellidos>NAVARRO MATOS</apellidos><localidad>ZAFRA</localidad><edad>22</edad></alumno><alumno dni="80052179N"><nombre>FRANCISCO JAVIER</nombre><apellidos>NORIEGA FERNANDEZ</apellidos><localidad>ZAFRA</localidad><edad>20</edad></alumno><alumno dni="44784282Q"><nombre>RUBEN</nombre><apellidos>NUÑEZ MUÑOZ</apellidos><localidad>ZAFRA</localidad><edad>18</edad></alumno><alumno dni="44788700H"><nombre>LEANDRO</nombre><apellidos>NUÑEZ OSSORIO</apellidos><localidad>ZAFRA</localidad><edad>15</edad></alumno><alumno dni="8885495C"><nombre>SARA</nombre><apellidos>NUÑO MUÑOZ</apellidos><localidad>ZAFRA</localidad><edad>14</edad></alumno><alumno dni="44788157G"><nombre>MARIA JESUS</nombre><apellidos>OSUNA ROSAS</apellidos><localidad>PUEBLA DE SANCHO PEREZ</localidad><edad>15</edad></alumno><alumno dni="80067631P"><nombre>ANA MARIA</nombre><apellidos>OTERO HERNANDEZ</apellidos><localidad>ZAFRA</localidad><edad>14</edad></alumno><alumno dni="08883202G"><nombre>MARIA TERESA</nombre><apellidos>OTERO HERNANDEZ</apellidos><localidad>ZAFRA</localidad><edad>15</edad></alumno><alumno dni="80052088J"><nombre>MIGUEL</nombre><apellidos>OTERO MORENO</apellidos><localidad>ZAFRA</localidad><edad>17</edad></alumno><alumno dni="80060896N"><nombre>DAVINIA</nombre><apellidos>PACHON MONTAÑO</apellidos><localidad>ZAFRA</localidad><edad>15</edad></alumno><alumno dni="80060880L"><nombre>ANTONIO LUIS</nombre><apellidos>PACHON PACHECO</apellidos><localidad>ZAFRA</localidad><edad>15</edad></alumno><alumno dni="44777938C"><nombre>FRANCISCO MIGUEL</nombre><apellidos>PADILLA SOTO</apellidos><localidad>ZAFRA</localidad><edad>23</edad></alumno><alumno dni="44788187B"><nombre>IGNACIO</nombre><apellidos>PALACIOS MILLAN</apellidos><localidad>ZAFRA</localidad><edad>15</edad></alumno><alumno dni="80051165X"><nombre>GUADALUPE</nombre><apellidos>PALLERO FLORES</apellidos><localidad>ZAFRA</localidad><edad>13</edad></alumno><alumno dni="08878829R"><nombre>GONZALO</nombre><apellidos>PAMPANO BARROSO</apellidos><localidad>ZAFRA</localidad><edad>25</edad></alumno><alumno dni="08882296H"><nombre>JESUS</nombre><apellidos>PAMPANO GORDILLO</apellidos><localidad>VALENCIA DEL VENTOSO</localidad><edad>15</edad></alumno><alumno dni="80052989V"><nombre>RICARDO MANUEL</nombre><apellidos>PARDO MORALES</apellidos><localidad>PUEBLA DE SANCHO PEREZ</localidad><edad>14</edad></alumno><alumno dni="44787713C"><nombre>CRISTINA</nombre><apellidos>PAREDES VELASCO</apellidos><localidad>FUENTE DE CANTOS</localidad><edad>18</edad></alumno><alumno dni="34773363P"><nombre>ANGEL</nombre><apellidos>PARRA AGUZA</apellidos><localidad>ZAFRA</localidad><edad>16</edad></alumno><alumno dni="80090077Y"><nombre>LAZARO MANUEL</nombre><apellidos>PASCUAL TOSINA</apellidos><localidad>ZAFRA</localidad><edad>16</edad></alumno><alumno dni="08887621F"><nombre>MARIA JOSE</nombre><apellidos>PAVON GARCIA</apellidos><localidad>VALENCIA DEL VENTOSO</localidad><edad>15</edad></alumno><alumno dni="80044276K"><nombre>ANTONIA</nombre><apellidos>PAZ SANCHEZ</apellidos><localidad>BIENVENIDA</localidad><edad>17</edad></alumno><alumno dni="44778802X"><nombre>ANA MARIA</nombre><apellidos>PEDRERO SANTOS</apellidos><localidad>ZAFRA</localidad><edad>19</edad></alumno><alumno dni="07253679P"><nombre>CRISTINA</nombre><apellidos>PEGUERO CUELLAR</apellidos><localidad>ZAFRA</localidad><edad>14</edad></alumno><alumno dni="33976470L"><nombre>JOSE MARIA</nombre><apellidos>PELAEZ SANTOS</apellidos><localidad>VALENCIA DEL VENTOSO</localidad><edad>16</edad></alumno><alumno dni="44785862D"><nombre>JOAQUIN</nombre><apellidos>PEREIRA GARCIA</apellidos><localidad>ZAFRA</localidad><edad>16</edad></alumno><alumno dni="8887764N"><nombre>ALEJANDRO</nombre><apellidos>PEREZ DIAZ</apellidos><localidad>MEDINA DE LAS TORRES</localidad><edad>15</edad></alumno><alumno dni="08882623 T"><nombre>JAIME</nombre><apellidos>PEREZ DISLA</apellidos><localidad>VALVERDE DE BURGUILLOS</localidad><edad>30</edad></alumno><alumno dni="08888021Q"><nombre>SERGIO</nombre><apellidos>PEREZ FERNANDEZ</apellidos><localidad>ZAFRA</localidad><edad>16</edad></alumno><alumno dni="34775517T"><nombre>ELIZABETH</nombre><apellidos>PEREZ LADERA</apellidos><localidad>MEDINA DE LAS TORRES</localidad><edad>20</edad></alumno><alumno dni="44789715K"><nombre>RAUL</nombre><apellidos>PEREZ MALPICA</apellidos><localidad>FUENTE DE CANTOS</localidad><edad>15</edad></alumno><alumno dni="80052046V"><nombre>MARIA SONIA</nombre><apellidos>PEREZ MARIÑAS</apellidos><localidad>ZAFRA</localidad><edad>15</edad></alumno><alumno dni="33971438R"><nombre>FRANCISCO ALBERTO</nombre><apellidos>PEREZ MINGORANCE</apellidos><localidad>ZAFRA</localidad><edad>19</edad></alumno><alumno dni="38850203Y"><nombre>DAVID</nombre><apellidos>PEREZ SANCHEZ</apellidos><localidad>ZAFRA</localidad><edad>16</edad></alumno><alumno dni="40345713X"><nombre>FRANCISCO</nombre><apellidos>PEREZ SANCHEZ</apellidos><localidad>MEDINA DE LAS TORRES</localidad><edad>15</edad></alumno><alumno dni="8882709V"><nombre>ELISABETH</nombre><apellidos>PEREZ VIDAL</apellidos><localidad>ZAFRA</localidad><edad>40</edad></alumno><alumno dni="08882842N"><nombre>Mª DE LOS ANGELES</nombre><apellidos>PESET MIGALLON</apellidos><localidad>ZAFRA</localidad><edad>14</edad></alumno><alumno dni="53574739B"><nombre>PABLO MANUEL</nombre><apellidos>PICON TORO</apellidos><localidad>ZAFRA</localidad><edad>14</edad></alumno><alumno dni="33977446Y"><nombre>VERONICA</nombre><apellidos>PIEDROLA DIAZ</apellidos><localidad>CALZADILLA DE BARROS</localidad><edad>18</edad></alumno><alumno dni="80064730M"><nombre>JOSE ANTONIO</nombre><apellidos>PIEDROLA ENRIQUE</apellidos><localidad>ZAFRA</localidad><edad>15</edad></alumno><alumno dni="80056457N"><nombre>PAULA</nombre><apellidos>PIEDROLA ENRIQUE</apellidos><localidad>PUEBLA DE SANCHO PEREZ</localidad><edad>16</edad></alumno><alumno dni="80056196G"><nombre>JUAN FRANCISCO</nombre><apellidos>PIEDROLA GORDILLO</apellidos><localidad>ZAFRA</localidad><edad>19</edad></alumno><alumno dni="45557702S"><nombre>JOSE ANTONIO</nombre><apellidos>PINILLA GARCIA</apellidos><localidad>ZAFRA</localidad><edad>16</edad></alumno><alumno dni="44782192L"><nombre>ANTONIO JAVIER</nombre><apellidos>PINTO FERNANDEZ</apellidos><localidad>PUEBLA DE SANCHO PEREZ</localidad><edad>21</edad></alumno><alumno dni="80070946B"><nombre>CONCEPCION</nombre><apellidos>PLACERES SAEZ</apellidos><localidad>CALZADILLA DE LOS BARROS</localidad><edad>14</edad></alumno><alumno dni="8887934K"><nombre>JEANIRE</nombre><apellidos>PLATAS CARVAJAL</apellidos><localidad>ZAFRA</localidad><edad>16</edad></alumno><alumno dni="8879075V"><nombre>JOSE LUIS</nombre><apellidos>PORRO RICO</apellidos><localidad>VALENCIA DEL VENTOSO</localidad><edad>15</edad></alumno><alumno dni="34778076Y"><nombre>GEMA</nombre><apellidos>POZO REDONDO</apellidos><localidad>PUEBLA DE SANCHO PEREZ</localidad><edad>24</edad></alumno><alumno dni="80051449H"><nombre>EVA MARIA</nombre><apellidos>PRIOR SALAS</apellidos><localidad>ZAFRA</localidad><edad>19</edad></alumno><alumno dni="80064918D"><nombre>CARLOS</nombre><apellidos>PRO MARTINEZ</apellidos><localidad>ZAFRA</localidad><edad>18</edad></alumno><alumno dni="34775466 H"><nombre>JUAN FRANCISCO</nombre><apellidos>PULGARIN MELLADO</apellidos><localidad>PUEBLA DE SANCHO PEREZ</localidad><edad>14</edad></alumno><alumno dni="80056448A"><nombre>MARIA JOSE</nombre><apellidos>RAMIREZ FOLLARAT</apellidos><localidad>ZAFRA</localidad><edad>14</edad></alumno><alumno dni="44786735P"><nombre>DELIA</nombre><apellidos>RAMIREZ HERNANDEZ</apellidos><localidad>ZAFRA</localidad><edad>15</edad></alumno><alumno dni="09205823G"><nombre>JAIME</nombre><apellidos>RAMIREZ MATOS</apellidos><localidad>MEDINA DE LAS TORRES</localidad><edad>20</edad></alumno><alumno dni="44779250K"><nombre>MARINA</nombre><apellidos>RAMIREZ SANTIAGO</apellidos><localidad>ZAFRA</localidad><edad>19</edad></alumno><alumno dni="8885550Y"><nombre>LAURA</nombre><apellidos>RAMIREZ TOMILLO</apellidos><localidad>ZAFRA</localidad><edad>20</edad></alumno><alumno dni="47108414K"><nombre>JOSE RAMON</nombre><apellidos>RAMOS DELGADO</apellidos><localidad>VALENCIA DEL VENTOSO</localidad><edad>15</edad></alumno><alumno dni="44776837T"><nombre>JOSE ANTONIO</nombre><apellidos>RAMOS GARCIA</apellidos><localidad>ZAFRA</localidad><edad>15</edad></alumno><alumno dni="07253695R"><nombre>CARLOS JAVIER</nombre><apellidos>RAMOS ORTIZ</apellidos><localidad>ZAFRA</localidad><edad>14</edad></alumno><alumno dni="8882615S"><nombre>REYES</nombre><apellidos>RAMOS ORTIZ</apellidos><localidad>ZAFRA</localidad><edad>18</edad></alumno><alumno dni="08861753Z"><nombre>VIRGINA</nombre><apellidos>RAMOS RODRIGUEZ</apellidos><localidad>ZAFRA</localidad><edad>15</edad></alumno><alumno dni="80050754J"><nombre>LAURA</nombre><apellidos>RASERO GARCIA</apellidos><localidad>PUEBLA DE SANCHO PEREZ</localidad><edad>16</edad></alumno><alumno dni="44782011E"><nombre>YOLANDA</nombre><apellidos>REBOLLO NOGALES</apellidos><localidad>ZAFRA</localidad><edad>14</edad></alumno><alumno dni="44783335N"><nombre>MARIA ISABEL</nombre><apellidos>REGATERO BOTE</apellidos><localidad>LOS SANTOS DE MAIMONA</localidad><edad>19</edad></alumno><alumno dni="45557816Z"><nombre>FATIMA</nombre><apellidos>REJAS RODRIGUEZ</apellidos><localidad>ZAFRA</localidad><edad>1997</edad></alumno><alumno dni="80056332W"><nombre>MANUEL</nombre><apellidos>REY ALVAREZ</apellidos><localidad>FUENTE DE CANTOS</localidad><edad>14</edad></alumno><alumno dni="044781115T"><nombre>LUIS FAUSTINO</nombre><apellidos>REY MARTIN</apellidos><localidad>FUENTE DE CANTOS</localidad><edad>21</edad></alumno><alumno dni="80055890C"><nombre>MARIA CARMEN</nombre><apellidos>REYES BENITEZ</apellidos><localidad>FUENTE DEL MAESTRE</localidad><edad>28</edad></alumno><alumno dni="44788001D"><nombre>FATIMA</nombre><apellidos>RIVERA AMADOR</apellidos><localidad>ZAFRA</localidad><edad>21</edad></alumno><alumno dni="44784592G"><nombre>ISABEL</nombre><apellidos>ROBLAS LOPEZ</apellidos><localidad>MEDINA DE LAS TORRES</localidad><edad>20</edad></alumno><alumno dni="34773908R"><nombre>MARIA MERCEDES</nombre><apellidos>ROCHA SAMPER</apellidos><localidad>PUEBLA DE SANCHO PEREZ</localidad><edad>16</edad></alumno><alumno dni="80056337F"><nombre>JOSE MANUEL</nombre><apellidos>RODRIGUEZ CUARTERO</apellidos><localidad>ZAFRA</localidad><edad>19</edad></alumno><alumno dni="80052287M"><nombre>ROSA MARIA</nombre><apellidos>RODRIGUEZ GONZALEZ</apellidos><localidad>ZAFRA</localidad><edad>40</edad></alumno><alumno dni="80060931R"><nombre>FERNANDO</nombre><apellidos>RODRIGUEZ LADERA</apellidos><localidad>ZAFRA</localidad><edad>17</edad></alumno><alumno dni="80056270D"><nombre>ISABEL</nombre><apellidos>RODRIGUEZ MATAMOROS</apellidos><localidad>PUEBLA DE SANCHO PEREZ</localidad><edad>17</edad></alumno><alumno dni="X0892440V"><nombre>CARLOS MANUEL</nombre><apellidos>RODRIGUEZ MELO</apellidos><localidad>ZAFRA</localidad><edad>15</edad></alumno><alumno dni="80052200X"><nombre>JAVIER</nombre><apellidos>RODRIGUEZ MORALES</apellidos><localidad>ZAFRA</localidad><edad>16</edad></alumno><alumno dni="07253697A"><nombre>FRANCISCO JOSE</nombre><apellidos>RODRIGUEZ PACHON</apellidos><localidad>ZAFRA</localidad><edad>15</edad></alumno><alumno dni="34782768Y"><nombre>FRANCISCO JAVIER</nombre><apellidos>RODRIGUEZ PEREZ</apellidos><localidad>PUEBLA DE SANCHO PEREZ</localidad><edad>15</edad></alumno><alumno dni="80056173G"><nombre>JUAN MANUEL</nombre><apellidos>RODRIGUEZ ROMERO</apellidos><localidad>ZAFRA</localidad><edad>18</edad></alumno><alumno dni="80044366L"><nombre>FULGENCIO</nombre><apellidos>ROGUERA RODRIGUEZ</apellidos><localidad>PUEBLA DE SANCHO PEREZ</localidad><edad>18</edad></alumno><alumno dni="45556560T"><nombre>MARIA DOLORES</nombre><apellidos>ROMERO OTERO</apellidos><localidad>VALENCIA DEL VENTOSO</localidad><edad>17</edad></alumno><alumno dni="80061008D"><nombre>MARIA REMEDIOS</nombre><apellidos>ROMERO VAZQUEZ</apellidos><localidad>ZAFRA</localidad><edad>15</edad></alumno><alumno dni="07253274V"><nombre>FRANCISCO JAVIER</nombre><apellidos>ROSALES GALVAN</apellidos><localidad>ZAFRA</localidad><edad>15</edad></alumno><alumno dni="38848867G"><nombre>SERGIO CELESTINO</nombre><apellidos>RUBIO CABEZAS</apellidos><localidad>VALENCIA DEL VENTOSO</localidad><edad>1997</edad></alumno><alumno dni="44778495W"><nombre>FRANCISCO JAVIER</nombre><apellidos>RUBIO GARCIA</apellidos><localidad>MEDINA DE LAS TORRES</localidad><edad>15</edad></alumno><alumno dni="80050574V"><nombre>CARLOTA</nombre><apellidos>RUBIO RODRIGUEZ</apellidos><localidad>ZAFRA</localidad><edad>19</edad></alumno><alumno dni="44782460B"><nombre>ROSA MARIA</nombre><apellidos>RUBIO RODRIGUEZ</apellidos><localidad>VALENCIA DEL VENTOSO</localidad><edad>15</edad></alumno><alumno dni="34779123H"><nombre>ISAAC</nombre><apellidos>RUIZ MUÑOZ</apellidos><localidad>FERIA</localidad><edad>20</edad></alumno><alumno dni="80067618 H"><nombre>MARIA DE LA O</nombre><apellidos>RUIZ VAZQUEZ</apellidos><localidad>ZAFRA</localidad><edad>15</edad></alumno><alumno dni="44789333F"><nombre>JOSE JOAQUIN</nombre><apellidos>RUZ DE LA ROSA</apellidos><localidad>ZAFRA</localidad><edad>14</edad></alumno><alumno dni="07255112S"><nombre>JOSE ANTONIO</nombre><apellidos>SAENZ FATMI</apellidos><localidad>ZAFRA</localidad><edad>17</edad></alumno><alumno dni="X2761040M"><nombre>JOSE</nombre><apellidos>SAEZ SANCHEZ</apellidos><localidad>FUENTE DE CANTOS</localidad><edad>15</edad></alumno><alumno dni="44783280A"><nombre>SILVIA</nombre><apellidos>SALAS GARCIA</apellidos><localidad>ZAFRA</localidad><edad>15</edad></alumno><alumno dni="80056365 N"><nombre>JOSE</nombre><apellidos>SALAS OTERO</apellidos><localidad>ZAFRA</localidad><edad>15</edad></alumno><alumno dni="08878951P"><nombre>JORGE</nombre><apellidos>SALAZAR SILVA</apellidos><localidad>ZAFRA</localidad><edad>15</edad></alumno><alumno dni="80075047H"><nombre>ESTRELLA</nombre><apellidos>SALGUERO MURILLO</apellidos><localidad>FUENTE DE CANTOS</localidad><edad>23</edad></alumno><alumno dni="80056378W"><nombre>SUSANA</nombre><apellidos>SANCHEZ BALTASAR</apellidos><localidad>ZAFRA</localidad><edad>18</edad></alumno><alumno dni="08883793C"><nombre>FERNANDO</nombre><apellidos>SANCHEZ CASERO</apellidos><localidad>ZAFRA</localidad><edad>32</edad></alumno><alumno dni="44785983S"><nombre>ANTONIO JOAQUIN</nombre><apellidos>SANCHEZ CONDADO</apellidos><localidad>ZAFRA</localidad><edad>14</edad></alumno><alumno dni="44779668W"><nombre>EMILIANO</nombre><apellidos>SANCHEZ ESCUDERO</apellidos><localidad>ZAFRA</localidad><edad>19</edad></alumno><alumno dni="34782601T"><nombre>ALBERTO</nombre><apellidos>SANCHEZ LAVADO</apellidos><localidad>PUEBLA DE SANCHO PEREZ</localidad><edad>17</edad></alumno><alumno dni="80054571N"><nombre>PALOMA</nombre><apellidos>SANCHEZ MORENO</apellidos><localidad>ZAFRA</localidad><edad>14</edad></alumno><alumno dni="8882713K"><nombre> Mª DE LAS MERCEDES</nombre><apellidos>SANCHEZ PEREZ</apellidos><localidad>ZAFRA</localidad><edad>20</edad></alumno><alumno dni="08882945T"><nombre>CLARA</nombre><apellidos>SANCHEZ RIAÑO</apellidos><localidad>PUEBLA DE SANCHO PEREZ</localidad><edad>14</edad></alumno><alumno dni="80056464L"><nombre>FRANCISCO JAVIER</nombre><apellidos>SANCHEZ TORO</apellidos><localidad>PUEBLA DE SANCHO PEREZ</localidad><edad>15</edad></alumno><alumno dni="45558421K"><nombre>DOMINGO</nombre><apellidos>SANCHEZ-AREVALO SANDOVAL</apellidos><localidad>ZAFRA</localidad><edad>21</edad></alumno><alumno dni="80052132B"><nombre>FRANCISCO</nombre><apellidos>SANTANA DIAZ</apellidos><localidad>ZAFRA</localidad><edad>18</edad></alumno><alumno dni="44786822A"><nombre>MARIA JOSE</nombre><apellidos>SANTIAGO CASTILLA</apellidos><localidad>ZAFRA</localidad><edad>14</edad></alumno><alumno dni="80052249J"><nombre>JUAN ENRIQUE</nombre><apellidos>SANTIAGO PONCE</apellidos><localidad>PUEBLA DE SANCHO PEREZ</localidad><edad>14</edad></alumno><alumno dni="80085014A"><nombre>MARIA DEL CARMEN</nombre><apellidos>SANTIAGO PONCE</apellidos><localidad>ZAFRA</localidad><edad>17</edad></alumno><alumno dni="44782906C"><nombre>JOSE DAVID</nombre><apellidos>SANTIAGO RAMIREZ</apellidos><localidad>VALENCIA DEL VENTOSO</localidad><edad>15</edad></alumno><alumno dni="80052359P"><nombre>CARLOS</nombre><apellidos>SAYAGO BOLAÑOS</apellidos><localidad>ZAFRA</localidad><edad>16</edad></alumno><alumno dni="52101594Q"><nombre>SILVIA</nombre><apellidos>SAYAGO GONZALEZ</apellidos><localidad>ZAFRA</localidad><edad>14</edad></alumno><alumno dni="08883316A"><nombre>CRISTINA</nombre><apellidos>SAYAGO LLAMAZARES</apellidos><localidad>ZAFRA</localidad><edad>18</edad></alumno><alumno dni="08887972J"><nombre>ALICIA</nombre><apellidos>SAYAGO MILLAN</apellidos><localidad>PUEBLA DE SANCHO PEREZ</localidad><edad>14</edad></alumno><alumno dni="45557929N"><nombre>ELISABETH</nombre><apellidos>SEQUEDA GONZALEZ</apellidos><localidad>ZAFRA</localidad><edad>15</edad></alumno><alumno dni="80061309B"><nombre>MARIA JOSE</nombre><apellidos>SERVIA CHAVES</apellidos><localidad>ZAFRA</localidad><edad>19</edad></alumno><alumno dni="34780132S"><nombre>MARIA LUISA</nombre><apellidos>SOLANO GARCIA</apellidos><localidad>Zafra</localidad><edad>14</edad></alumno><alumno dni="76251360N"><nombre>ANTONIO LUIS</nombre><apellidos>SOLERA HERNANDEZ</apellidos><localidad>PUEBLA DE SANCHO PEREZ</localidad><edad>18</edad></alumno><alumno dni="08882305G"><nombre>MARIA DE LOS REYES</nombre><apellidos>SOUSA LLERENA</apellidos><localidad>ZAFRA</localidad><edad>15</edad></alumno><alumno dni="34775048Z"><nombre>JOSE ANTONIO</nombre><apellidos>SUAREZ BURRERO</apellidos><localidad>SANTOS DE MAIMONA(LOS)</localidad><edad>18</edad></alumno><alumno dni="76251232E"><nombre>MARIA ISABEL</nombre><apellidos>SUAREZ GUERRERO</apellidos><localidad>PUEBLA DE SANCHO PEREZ</localidad><edad>16</edad></alumno><alumno dni="80060930T"><nombre>FRANCISCO JAVIER</nombre><apellidos>SUAREZ HERNANDEZ</apellidos><localidad>ZAFRA</localidad><edad>15</edad></alumno><alumno dni="8887919Y"><nombre>OLIVA</nombre><apellidos>SUAREZ MURILLO</apellidos><localidad>ZAFRA</localidad><edad>20</edad></alumno><alumno dni="44778126R"><nombre>JUAN DE DIOS</nombre><apellidos>TARDIO MONTAÑO</apellidos><localidad>ZAFRA</localidad><edad>15</edad></alumno><alumno dni="80060955W"><nombre>MARIA TERESA</nombre><apellidos>TARRIÑO MERINO</apellidos><localidad>ZAFRA</localidad><edad>14</edad></alumno><alumno dni="80051261Z"><nombre>CARLOS DANIEL</nombre><apellidos>TARRIÑO TINOCO</apellidos><localidad>PUEBLA DE SACHO PEREZ</localidad><edad>16</edad></alumno><alumno dni="8885583Q"><nombre>FRANCISCA</nombre><apellidos>TARRIÑO TINOCO</apellidos><localidad>ZAFRA</localidad><edad>15</edad></alumno><alumno dni="08888018J"><nombre>MARIA</nombre><apellidos>TEJADA GARCIA</apellidos><localidad>ZAFRA</localidad><edad>14</edad></alumno><alumno dni="80064911W"><nombre>DAVID</nombre><apellidos>TENA SANCHEZ</apellidos><localidad>ZAFRA</localidad><edad>18</edad></alumno><alumno dni="07254178R"><nombre>ALMUDENA</nombre><apellidos>TERRON GARRON</apellidos><localidad>ZAFRA</localidad><edad>15</edad></alumno><alumno dni="0600647082"><nombre>CLARA MARIA</nombre><apellidos>TINOCO FERNANDEZ</apellidos><localidad>PUEBLA DE SANCHO PEREZ</localidad><edad>18</edad></alumno><alumno dni="44784893Y"><nombre>MANUELA</nombre><apellidos>TOBOSO RODRIGUEZ</apellidos><localidad>ZAFRA</localidad><edad>15</edad></alumno><alumno dni="08878820S"><nombre>ISABEL MARIA</nombre><apellidos>TOMILLO POLO</apellidos><localidad>ZAFRA</localidad><edad>14</edad></alumno><alumno dni="80061118"><nombre>FRANCISCO JAVIER</nombre><apellidos>TORIBIO DOMINGUEZ</apellidos><localidad>ZAFRA</localidad><edad>15</edad></alumno><alumno dni="45557721B"><nombre>GUADALUPE DEL CARMEN</nombre><apellidos>TORO ALBUJAR</apellidos><localidad>ZAFRA</localidad><edad>18</edad></alumno><alumno dni="44783086Q"><nombre>RUBEN</nombre><apellidos>TORO GARCIA</apellidos><localidad>ZAFRA</localidad><edad>15</edad></alumno><alumno dni="08885565K"><nombre>MERCEDES</nombre><apellidos>TORO GUERRERO</apellidos><localidad>ZAFRA</localidad><edad>20</edad></alumno><alumno dni="08887676Q"><nombre>RUBEN</nombre><apellidos>TORO MORICHE</apellidos><localidad>CALZADILLA DE LOS BARROS</localidad><edad>14</edad></alumno><alumno dni="44787358X"><nombre>ANGEL</nombre><apellidos>TORO PEREZ</apellidos><localidad>FUENTE DE CANTOS</localidad><edad>15</edad></alumno><alumno dni="08829611A"><nombre>HEBE MARIA</nombre><apellidos>TORRADO GONZALEZ</apellidos><localidad>ZAFRA</localidad><edad>19</edad></alumno><alumno dni="80061075F"><nombre>ANA ISABEL</nombre><apellidos>TORRADO ROSAS</apellidos><localidad>ZAFRA</localidad><edad>21</edad></alumno><alumno dni="80056172 A"><nombre>ANTONIA MARIA</nombre><apellidos>TORRADO ROSAS</apellidos><localidad>ZAFRA</localidad><edad>15</edad></alumno><alumno dni="80055179E"><nombre>ESTRELLA MARIA</nombre><apellidos>TORRADO ROSAS</apellidos><localidad>ZAFRA</localidad><edad>14</edad></alumno><alumno dni="34776549C"><nombre>SANDRA</nombre><apellidos>TORVISCO TORRADO</apellidos><localidad>ZAFRA</localidad><edad>15</edad></alumno><alumno dni="45555729C"><nombre>JUAN</nombre><apellidos>TRAVEL GARCIA</apellidos><localidad>ZAFRA</localidad><edad>14</edad></alumno><alumno dni="08885437P"><nombre>JACOBO</nombre><apellidos>TREJO LEON</apellidos><localidad>ZAFRA</localidad><edad>17</edad></alumno><alumno dni="44775998N"><nombre>ANTONIO</nombre><apellidos>TRIGO DEL CASTILLO</apellidos><localidad>PUEBLA DE SANCHO PEREZ</localidad><edad>15</edad></alumno><alumno dni="08877278Z"><nombre>TANIA</nombre><apellidos>TRIGO MARTINEZ</apellidos><localidad>ZAFRA</localidad><edad>16</edad></alumno><alumno dni="80056396C"><nombre>MANUEL</nombre><apellidos>TRIGO RODRIGUEZ</apellidos><localidad>ZAFRA</localidad><edad>14</edad></alumno><alumno dni="34782412H"><nombre>LUCIA</nombre><apellidos>TRINIDAD LUNA</apellidos><localidad>ZAFRA</localidad><edad>14</edad></alumno><alumno dni="8840494F"><nombre>JUAN FERNANDO</nombre><apellidos>URIBARRI MARQUIJANA</apellidos><localidad>FUENTE DE CANTOS</localidad><edad>22</edad></alumno><alumno dni="80067623T"><nombre>GERMAN</nombre><apellidos>VACA DOMINGUEZ</apellidos><localidad>ZAFRA</localidad><edad>14</edad></alumno><alumno dni="80067642L"><nombre>MARIA RITA</nombre><apellidos>VAZQUEZ BARNETO</apellidos><localidad>ZAFRA</localidad><edad>19</edad></alumno><alumno dni="33971689E"><nombre>JORGE ENRIQUE</nombre><apellidos>VAZQUEZ COTANO</apellidos><localidad>VALENCIA DEL VENTOSO</localidad><edad>15</edad></alumno><alumno dni="45557853M"><nombre>ISABEL MARIA</nombre><apellidos>VAZQUEZ GALVAN</apellidos><localidad>ZAFRA</localidad><edad>16</edad></alumno><alumno dni="80073900K"><nombre>CAROLINA</nombre><apellidos>VAZQUEZ GORDILLO</apellidos><localidad>CALZADILLA DE LOS BARROS</localidad><edad>17</edad></alumno><alumno dni="80052343S"><nombre>SARA</nombre><apellidos>VAZQUEZ MASEDO</apellidos><localidad>ZAFRA</localidad><edad>19</edad></alumno><alumno dni="45555905N"><nombre>DAVID</nombre><apellidos>VAZQUEZ MONTAÑO</apellidos><localidad>ZAFRA</localidad><edad>22</edad></alumno><alumno dni="44788447H"><nombre>JOSE LUIS</nombre><apellidos>VAZQUEZ SERRAT</apellidos><localidad>ZAFRA</localidad><edad>18</edad></alumno><alumno dni="44775882B"><nombre>MARIA LUISA</nombre><apellidos>VEGA GARCIA</apellidos><localidad>ZAFRA</localidad><edad>15</edad></alumno><alumno dni="08887543K"><nombre>SARA</nombre><apellidos>VEGA GIL</apellidos><localidad>ZAFRA</localidad><edad>21</edad></alumno><alumno dni="08887576P"><nombre>MARIA TERESA</nombre><apellidos>VEGA GOMEZ</apellidos><localidad>MEDINA DE LAS TORRES</localidad><edad>16</edad></alumno><alumno dni="80060179P"><nombre>TRISTAN</nombre><apellidos>VEGA GONZALEZ</apellidos><localidad>LOS SANTOS DE MAIMONA</localidad><edad>20</edad></alumno><alumno dni="08882899T"><nombre>JUAN CARLOS</nombre><apellidos>VELARDE ORTIZ</apellidos><localidad>PUEBLA DE SANCHO PEREZ</localidad><edad>17</edad></alumno><alumno dni="44786826F"><nombre>RUBEN</nombre><apellidos>VENEGAS ORTIZ</apellidos><localidad>ZAFRA</localidad><edad>15</edad></alumno><alumno dni="08885518C"><nombre>ARIANA FATIMA</nombre><apellidos>VENEGAS SAYAGO</apellidos><localidad>ZAFRA</localidad><edad>14</edad></alumno><alumno dni="34780309P"><nombre>ISABEL MARIA</nombre><apellidos>VENTURA SUAREZ</apellidos><localidad>FERIA</localidad><edad>16</edad></alumno><alumno dni="80050960N"><nombre>JUAN MANUEL</nombre><apellidos>VERGARA MONTAÑO</apellidos><localidad>ZAFRA</localidad><edad>18</edad></alumno><alumno dni="80088774Z"><nombre>AGUSTINA</nombre><apellidos>VIEDMA MARTIN</apellidos><localidad>ZAFRA</localidad><edad>14</edad></alumno><alumno dni="07253383B"><nombre>ALICIA</nombre><apellidos>VILLA MAYA</apellidos><localidad>ZAFRA</localidad><edad>14</edad></alumno><alumno dni="7253788W"><nombre>LAURA</nombre><apellidos>VILLAZAN MONTERO</apellidos><localidad>ZAFRA</localidad><edad>15</edad></alumno><alumno dni="80091252P"><nombre>MARIA DOLORES</nombre><apellidos>VILLENA SANCHEZ</apellidos><localidad>MEDINA DE LAS TORRES</localidad><edad>17</edad></alumno><alumno dni="44785690K"><nombre>MARIA</nombre><apellidos>ZAMBRANO BARROSO</apellidos><localidad>LOS SANTOS DE MAIMONA</localidad><edad>22</edad></alumno><alumno dni="44775568L"><nombre>MAURO JOSE</nombre><apellidos>ZAMBRANO FERNANDEZ</apellidos><localidad>ZAFRA</localidad><edad>16</edad></alumno><alumno dni="44788408W"><nombre>JOSE MANUEL</nombre><apellidos>ZAMBRANO MORENO</apellidos><localidad>ZAFRA</localidad><edad>15</edad></alumno><alumno dni="44783616V"><nombre>MARIA TERESA</nombre><apellidos>ZAMBRANO MORENO</apellidos><localidad>ZAFRA</localidad><edad>20</edad></alumno><alumno dni="34782412H"><nombre>IVANNA BEATRIZ</nombre><apellidos>ZAMORA JIMENEZ</apellidos><localidad>PUEBLA DE SANCHO PEREZ</localidad><edad>16</edad></alumno><alumno dni="8869136Z"><nombre>JONATHAN</nombre><apellidos>ZAPATA MUÑOZ</apellidos><localidad>ZAFRA</localidad><edad>18</edad></alumno><alumno dni="08879060W"><nombre>SANDRA</nombre><apellidos>ZAPATA MUÑOZ</apellidos><localidad>ZAFRA</localidad><edad>15</edad></alumno>
<alumno dni="80052216A">
<nombre>ALBERTO</nombre>
<apellidos>ZAPATA SANCHEZ</apellidos>
<localidad>MONESTERIO</localidad>
<edad>20</edad>
</alumno><alumno dni="08878891V">
<nombre>INMACULADA</nombre>
<apellidos>ZHOU</apellidos>
<localidad>FUENTE DE CANTOS</localidad>
<edad>19</edad>
</alumno>
</alumnos>